,state,positive,probableCases,negative,pending,totalTestResults,hospitalizedCurrently,hospitalizedCumulative,inIcuCurrently,inIcuCumulative,onVentilatorCurrently,onVentilatorCumulative,recovered,totalTestsViral,positiveTestsViral,negativeTestsViral,positiveCasesViral,deathConfirmed,deathProbable,totalTestEncountersViral,totalTestsPeopleViral,totalTestsAntibody,positiveTestsAntibody,negativeTestsAntibody,totalTestsPeopleAntibody,positiveTestsPeopleAntibody,negativeTestsPeopleAntibody,totalTestsPeopleAntigen,positiveTestsPeopleAntigen,totalTestsAntigen,positiveTestsAntigen,fips,positiveIncrease,negativeIncrease,total,totalTestResultsIncrease,posNeg,dataQualityGrade,deathIncrease,hospitalizedIncrease,commercialScore,negativeRegularScore,negativeScore,positiveScore,score,grade,retail_and_recreation_percent_change_from_baseline,grocery_and_pharmacy_percent_change_from_baseline,parks_percent_change_from_baseline,transit_stations_percent_change_from_baseline,workplaces_percent_change_from_baseline,residential_percent_change_from_baseline,non_residential_percent_change_from_baseline,C1_School closing,C1_Flag,C2_Workplace closing,C2_Flag,C3_Cancel public events,C3_Flag,C4_Restrictions on gatherings,C4_Flag,C5_Close public transport,C5_Flag,C6_Stay at home requirements,C6_Flag,C7_Restrictions on internal movement,C7_Flag,C8_International travel controls,ConfirmedCases,ConfirmedDeaths,StringencyIndex,GovernmentResponseIndex,ContainmentHealthIndex,pop_2019,GDP_2019,Unemployment_rate_2019,Median_Household_Income_2019,Percent_less_than_high_school,Percent_bachelor_or_higher,Percent_some_college_or_associate,Percent_high_school_only,AverageTemperature,Urbanization_rate,White,Black,American_Native,Asian,Pacific_Islander,pc_misconception,not_at_all,not_very,somewhat,very,error_margin,N,misinformation_index,deaths_pth,hospitalized_pth,positivity_rate,state_code
0,Alabama,136385.30211480364,27217.243902439026,760604.7012195121,33.0,869817.5075528701,1171.56050955414,15107.151815181518,,1471.1013513513512,,835.597972972973,87077.04705882353,,,,116157.38066465256,2341.8795620437954,271.0813008130081,,869817.5075528701,,,,72465.09150326798,,,,,,,1.0,1388.6374622356495,5372.767371601209,890096.7039274925,6467.3867069486405,890096.3051359516,,23.226586102719033,126.46223564954683,0.0,0.0,0.0,0.0,0.0,,-13.465256797583082,-0.770392749244713,20.942598187311177,-8.060422960725075,-25.19335347432024,7.45619335347432,-5.309365558912386,2.377643504531722,0.12852664576802508,1.4290030211480362,0.8291925465838509,1.163141993957704,0.8848684210526315,0.7311178247734139,0.36923076923076925,0.5166163141993958,0.0,1.0604229607250755,0.964968152866242,0.0,,0.0,136602.32024169184,2154.4712990936555,36.371842900302056,40.9892447129909,43.21102719033234,4903185.0,202940.29999999877,3.0,51771.0,14.199999999999912,24.89999999999985,29.89999999999981,30.899999999999807,17.10999999999994,59.0,0.6941143618937814,0.271610298415443,0.01386847141152832,0.01863314997637987,0.0017737183028672552,0.16,4.116666666666667,7.016666666666666,25.41666666666666,63.51666666666667,5.866666666666667,419.8333333333333,57.44383333333334,0.00473704053645111,0.025791854814686134,0.21471384427092943,AL
1,Alaska,13197.732087227414,,,8.5,456334.7921686747,57.07612456747405,346.4437689969605,,,7.689516129032258,,2153.1071428571427,456334.7921686747,26914.18994413408,761992.7709497206,,58.75609756097561,,,,,,,,,,,,,,2.0,158.4277108433735,0.0,12760.66265060241,4519.027108433735,12760.4578313253,,0.7891566265060241,3.6295180722891565,0.0,0.0,0.0,0.0,0.0,,-6.728915662650603,2.463855421686747,69.20915032679738,-20.631921824104236,-24.41867469879518,7.819277108433735,3.1000000000000014,2.8704819277108435,0.40372670807453415,1.1867469879518073,0.23293172690763053,0.7620481927710844,0.5251798561151079,3.0301204819277108,0.37888198757763975,0.4036144578313253,0.0,0.7469879518072289,0.12558139534883722,1.6927710843373494,0.9225806451612903,1.9337349397590362,13451.298192771084,64.53012048192771,53.17243975903594,52.371174698795144,52.854879518072224,731545.0,54442.90000000014,6.099999999999963,77203.0,7.300000000000001,29.200000000000003,35.5,28.0,-3.0,66.0,0.6645422935903845,0.04945292972770878,0.18720500957988578,0.07987996408015996,0.018919803021863805,0.16,3.9166666666666665,9.783333333333333,24.95,61.366666666666674,11.516666666666666,124.83333333333333,53.79816666666667,0.0010787533596785218,0.004961441978674116,0.03505792442530479,AK
2,Arizona,201980.8502994012,9544.242553191489,1006277.7305389221,44.24,1984201.880239521,1937.8809523809523,16354.311377245509,516.4863945578231,,337.9149659863946,,34193.65529010239,1984201.880239521,12089.0,,272296.91914893617,5290.370212765957,419.97872340425533,,1201593.8293413173,266046.7518518519,2200.0,,,,,,,,,4.0,2270.6646706586826,8224.59880239521,1208261.8922155688,20056.04491017964,1208258.5808383233,,39.2814371257485,157.96407185628743,0.0,0.0,0.0,0.0,0.0,,-22.18562874251497,-9.778443113772456,-16.637724550898202,-27.661676646706585,-32.961077844311376,10.284431137724551,-21.84491017964073,2.37125748502994,0.47335423197492166,1.7035928143712575,0.5856697819314641,1.2335329341317365,1.0,1.6347305389221556,1.0,0.3383233532934132,0.9292035398230089,0.6706586826347305,1.0,0.2215568862275449,1.0,0.2215568862275449,201990.2724550898,4162.688622754491,42.069640718562916,47.66242514970054,46.3355389221558,7278717.0,321431.9000000016,4.700000000000028,62027.0,13.19999999999992,28.899999999999817,33.89999999999979,24.0,15.719999999999988,89.79999999999951,0.8262308194847798,0.06157615563049389,0.06103282447128355,0.04620817824563835,0.004952022167804774,0.14,3.716666666666667,6.166666666666667,26.900000000000002,63.26666666666666,6.033333333333332,436.3333333333333,56.34250000000001,0.005396752906555991,0.02170218623093705,0.11321597457663174,AZ
3,Arkansas,80232.93674698795,20588.403973509932,765161.9909638554,47.588235294117645,836040.626506024,526.8955696202531,4944.75816993464,313.14084507042253,43.0,98.47603833865814,583.0915032679738,74673.9073482428,836040.626506024,,1311965.8563218392,70869.59036144578,2265.1267605633802,331.88732394366195,,,,,,,,,144446.88970588235,26901.125,10460.673469387755,1603.530612244898,5.0,889.3614457831326,6614.048192771084,845397.3644578314,7323.891566265061,845394.9277108434,,14.662650602409638,40.993975903614455,0.0,0.0,0.0,0.0,0.0,,-9.572289156626505,1.6144578313253013,57.50769230769231,-6.13855421686747,-24.17168674698795,6.448795180722891,3.574397590361448,2.1265060240963853,0.6219081272084805,1.8373493975903614,0.8629283489096573,1.0933734939759037,0.9907692307692307,3.1325301204819276,0.9907692307692307,0.8012048192771084,0.0,0.25,1.0,0.2469879518072289,1.0,0.2469879518072289,80259.96385542168,1261.433734939759,44.01180722891537,44.86996987951811,47.252951807228854,3017804.0,119443.39999999925,3.5,49020.0,13.800000000000086,22.60000000000013,29.5,34.10000000000021,15.780000000000014,56.20000000000036,0.7925399093734897,0.1622226129746877,0.020020342875573187,0.02051450441847116,0.004702630357774868,0.15,4.266666666666667,9.799999999999999,28.5,57.43333333333334,6.666666666666665,372.5,54.048833333333334,0.0048587153448035846,0.013584041874029743,0.12143290731933612,AR
4,California,777872.260479042,,70570.04081632652,29110.714285714286,12607453.032934131,7525.12540192926,,1875.40192926045,,,,,12607453.032934131,,,931841.8848920864,,,,,,,,,,,,,,,6.0,9710.464071856288,-1.3832335329341316,790665.7694610779,126582.34431137725,788225.3502994012,,121.84730538922156,0.0,0.0,0.0,0.0,0.0,0.0,,-32.43712574850299,-10.164670658682635,-11.883233532934131,-42.862275449101794,-36.455089820359284,13.365269461077844,-26.760479041916195,2.9251497005988023,0.4501510574018127,2.0778443113772456,0.1557632398753894,1.970059880239521,0.7099697885196374,3.7095808383233533,0.5198776758409785,0.0,,1.3353293413173652,0.7889908256880734,1.2035928143712575,0.896551724137931,1.2395209580838322,798107.6047904191,12253.835329341317,61.11437125748512,63.71748502994021,60.22637724550911,39512223.0,2792029.1000000155,4.0,80423.0,17.100000000000055,33.299999999999905,29.100000000000183,20.60000000000011,15.219999999999978,95.0,0.7227934318117089,0.07343685483431006,0.02640976620983535,0.16851015596113494,0.008849791183013425,0.15,2.983333333333333,4.983333333333333,20.2,71.83333333333333,4.216666666666667,750.6666666666666,62.68683333333333,0.0030837876519683935,0.0,0.07671262627250544,CA
5,Colorado,104216.68862275449,6448.0352112676055,736062.1556886227,30.25,1515891.4556574924,678.1261829652997,8331.395638629283,,,,,8395.830388692579,,,,115463.87676056338,2171.0725190839694,418.6832061068702,1515891.4556574924,868975.445482866,169803.0,14628.007462686568,154747.03358208956,,,,,,,,8.0,1186.1586826347304,6023.122754491018,840279.2065868264,16323.502994011977,840278.8443113773,,16.877245508982035,65.36826347305389,0.0,0.0,0.0,0.0,0.0,,-21.01197604790419,-4.580838323353293,36.050898203592816,-34.67065868263473,-33.44311377245509,10.694610778443113,-11.531137724550888,2.1167664670658684,0.21739130434782608,2.0808383233532934,0.5634674922600619,1.2934131736526946,0.9447852760736196,3.8802395209580838,0.7914110429447853,0.9640718562874252,0.2826086956521739,1.122754491017964,0.5127388535031847,0.39221556886227543,0.8991596638655462,0.0,104214.94011976047,2107.425149700599,50.635389221557,51.413173652694766,49.52383233532936,5758736.0,353076.59999999806,2.799999999999984,77104.0,8.599999999999946,40.100000000000236,29.799999999999976,21.39999999999988,7.280000000000012,86.20000000000047,0.8685156499486134,0.055838202657692605,0.026722995355603022,0.045096418834539076,0.0038267332035593063,0.135,5.533333333333334,7.916666666666667,26.900000000000002,59.63333333333333,5.816666666666666,423.3333333333333,52.788333333333334,0.0029307204756359793,0.011351147799283364,0.07266569455525902,CO
6,Connecticut,72839.36858006043,4959.220408163265,1525541.8545454545,8.0,1593772.335347432,610.0601265822785,11399.985507246376,,,,,8778.391304347826,1712689.9902280131,,,86911.0081632653,3413.5374149659865,955.2163265306123,,,,,,,,,,,112112.22727272728,7601.114942528736,9.0,755.3564954682779,16490.238670694864,1593772.3595166162,17245.59516616314,1593772.335347432,,21.28700906344411,37.03021148036254,0.0,0.0,0.0,0.0,0.0,,-18.67069486404834,-7.622356495468278,52.6404833836858,-30.90332326283988,-31.821752265861026,11.027190332326285,-7.275528700906348,2.4773413897280965,0.3547400611620795,2.120845921450151,1.0,1.3444108761329305,0.9483282674772037,3.4773413897280965,0.9294478527607362,0.9395770392749244,1.0,0.8066465256797583,0.3857677902621723,1.5347432024169185,1.0,0.6102719033232629,72852.29003021149,3999.785498489426,61.36021148036238,62.265498489425795,61.667160120845985,3565287.0,248818.70000000155,3.700000000000023,78920.0,9.5,38.89999999999977,24.5,27.100000000000165,9.440000000000046,88.0,0.7973554397080643,0.1335889965578049,0.011797635119725751,0.055026770348565096,0.0022311582658418603,0.11,1.8999999999999997,4.416666666666667,21.733333333333334,71.95,5.833333333333333,358.1666666666667,60.17599999999999,0.00597062987171695,0.01038631994573299,0.04379996678516095,CT
7,Delaware,21953.677710843374,1437.4425531914894,207811.14156626505,11.636363636363637,390987.7706422018,172.6070287539936,,27.22374429223744,,,,7947.765625,,24274.483180428135,,27892.336170212766,488.3121212121212,64.12121212121212,390987.7706422018,286171.10984848486,,,,,,,,,,,10.0,235.15361445783134,1529.9126506024097,229765.2048192771,3707.4789156626507,229764.81927710844,,3.283132530120482,0.0,0.0,0.0,0.0,0.0,0.0,,-14.340361445783133,-4.036144578313253,32.07335907335907,-31.80674846625767,-30.337349397590362,10.213855421686747,-11.530220883534135,2.3132530120481927,0.2826086956521739,1.7710843373493976,0.8043478260869565,1.6475903614457832,1.0,2.7951807228915664,1.0,0.5120481927710844,1.0,1.4789156626506024,1.0,1.2921686746987953,1.0,0.6957831325301205,21956.35843373494,582.9578313253012,58.94957831325315,58.64683734939754,59.2471686746987,973764.0,63280.199999999604,3.7999999999999763,70348.0,10.199999999999946,31.399999999999807,26.80000000000006,31.600000000000193,12.940000000000028,83.29999999999953,0.6950547998352402,0.24303619711384677,0.013480290709909469,0.04636517864177812,0.0020635336992307356,0.11,1.6166666666666665,4.316666666666666,20.966666666666665,73.06666666666668,6.466666666666666,301.8333333333333,58.57033333333334,0.0033715895536500446,0.0,0.06342682448291186,DE
8,District of Columbia,14038.225225225226,,,3.75,340251.03603603604,180.0625,,49.90217391304348,,30.205574912891986,,9578.560897435897,,,,,,,340251.03603603604,211764.05905511812,,,,,,,,,,,11.0,110.72672672672672,0.0,14038.495495495496,3304.6846846846847,14038.225225225226,,2.7417417417417416,0.0,0.0,0.0,0.0,0.0,0.0,,-51.37537537537538,-22.78078078078078,-38.46546546546546,-66.01501501501501,-50.171171171171174,17.426426426426428,-45.76156156156152,,,,,,,,,,,,,,,,,,,,,705749.0,125935.5,,,,,,,,,,,,,,0.22,0.9500000000000001,4.416666666666667,19.016666666666666,75.61666666666666,8.15,199.0,74.10350000000001,0.003884868050456666,0.0,0.03350598840484888,
9,Florida,543328.0385756677,85990.46198830409,3510234.3383233533,3336.5349544072947,6401738.878338279,4816.140776699029,33781.20504731861,,,,,,7637734.073076923,908744.1,6693031.284615384,863153.2748538011,3865.910891089109,,6401738.878338279,5086154.204545454,552966.1397849462,54178.1935483871,498535.3817204301,465742.43265306123,42472.816326530614,423122.2326530612,,,,,12.0,5013.946587537092,25108.20178041543,4025571.3293768545,56847.16617210682,4022314.0,,79.86646884272997,217.7566765578635,0.0,0.0,0.0,0.0,0.0,,-24.40652818991098,-12.350148367952523,-25.255192878338278,-40.02670623145401,-30.525222551928785,9.732937685459941,-26.51275964391692,2.1335311572700295,0.6840490797546013,1.7329376854599408,0.003105590062111801,1.540059347181009,0.11042944785276074,2.8991097922848663,0.0,0.712166172106825,0.0,1.8367952522255193,0.09627329192546584,0.7952522255192879,1.0,0.43026706231454004,551949.9109792284,10018.284866468843,48.038931750741824,44.89350148367942,46.01367952522256,21477737.0,950759.1000000003,3.1000000000000134,59198.0,12.0,29.200000000000014,30.0,28.799999999999997,21.5,91.2000000000005,0.7734444909093815,0.17777560456469374,0.00999746215995012,0.03614276136820039,0.002639680997779424,0.155,2.733333333333333,5.6499999999999995,21.75,69.85000000000001,4.466666666666666,615.0,60.30466666666667,0.003718570017070698,0.010138716036883379,0.08820046671028753,FL
10,Georgia,267633.5928143713,83058.46666666666,,,2279697.083832335,2495.960144927536,22620.402555910543,,4624.467857142857,,,,2279697.083832335,229207.73353293413,,293102.2014388489,9641.388888888889,922.7444444444444,,711656.5714285715,287443.528,26833.31557377049,,,,,,,,,13.0,2722.8832335329344,0.0,267633.5928143713,19319.59880239521,267633.5928143713,,42.50898203592814,150.41017964071855,0.0,0.0,0.0,0.0,0.0,,-16.37125748502994,-4.637724550898204,19.823353293413174,-32.712574850299404,-30.440119760479043,9.428143712574851,-12.867664670658685,2.3892215568862274,0.3773006134969325,1.0,1.0,1.8892215568862276,1.0,3.095808383233533,1.0,0.49101796407185627,0.0,1.8622754491017963,0.08360128617363344,0.0,,0.0,267664.84431137727,5327.476047904192,48.01526946107777,46.44844311377255,46.546646706586635,10617423.0,539536.3000000014,3.399999999999994,61950.0,13.300000000000084,30.700000000000045,28.19999999999998,27.899999999999828,17.5,75.09999999999967,0.6063246364838049,0.3312251027799208,0.01122389993347553,0.04905820250232511,0.0021681583004773044,0.15,3.5,6.45,23.933333333333334,66.15,5.116666666666666,485.3333333333333,62.649999999999984,0.004003700524687407,0.014166354645634685,0.1409389118989032,GA
11,Hawaii,8741.365558912386,315.6137931034483,103248.34803921569,,322874.6377245509,110.56435643564356,680.5923566878981,27.026881720430108,,18.123655913978496,,3044.2272727272725,189758.52898550723,8456.20359281437,27632.0,17392.924137931033,122.49019607843137,,322874.6377245509,150173.23484848486,,,,,,,,,,,15.0,79.39520958083833,0.0,71724.71556886227,2956.505988023952,71724.71556886227,,1.2275449101796407,6.188622754491018,0.0,0.0,0.0,0.0,0.0,,-37.67065868263473,-21.29940119760479,-45.038922155688624,-58.275449101796404,-35.23053892215569,13.568862275449101,-39.50299401197605,2.2994011976047903,0.2939297124600639,2.0269461077844313,0.9842767295597484,1.5688622754491017,1.0,3.748502994011976,1.0,0.5958083832335329,1.0,1.8892215568862276,0.9842767295597484,1.8682634730538923,1.0,1.867867867867868,8675.622754491018,112.77544910179641,70.8446846846846,61.978802395209556,65.05338323353308,1415872.0,83509.39999999956,2.7000000000000153,83734.0,8.199999999999978,32.5,31.700000000000063,27.69999999999997,21.10999999999989,91.90000000000055,0.3245607565260929,0.026904617654031668,0.019888312304085602,0.4274156415457168,0.20123067197007513,0.09,3.35,5.349999999999999,25.016666666666666,66.33333333333333,7.283333333333332,287.0,57.36966666666666,0.0008669886191545851,0.004370891404372018,0.026854405133102378,HI
12,Idaho,45789.32024169184,7891.723021582734,203140.47129909365,,242301.60725075527,187.9198717948718,2020.5838709677419,55.91869918699187,425.43648208469057,,,23046.85172413793,732035.0833333334,,,46475.69784172662,541.3779527559055,63.669291338582674,,242301.60725075527,,,,,,,,,49598.52272727273,,16.0,491.4894259818731,1421.7824773413897,248929.7915407855,1822.0181268882175,248929.7915407855,,5.211480362537764,20.163141993957705,0.0,0.0,0.0,0.0,0.0,,-6.259818731117825,6.7492447129909365,99.21254355400697,-1.1691842900302114,-25.45619335347432,5.858006042296073,12.048489425981868,2.1389728096676737,0.1746031746031746,1.8670694864048338,0.3929712460063898,1.2507552870090635,0.6026490066225165,3.4622356495468276,0.5264900662251656,0.11178247734138973,1.0,0.5921450151057401,1.0,1.0241691842900302,0.358695652173913,0.3987915407854985,46270.90332326284,477.13293051359517,46.84380664652578,38.196525679758274,42.67870090634454,1787065.0,72494.39999999973,2.8999999999999844,60830.0,9.400000000000055,26.899999999999835,35.899999999999785,27.699999999999964,6.890000000000026,70.59999999999974,0.9292882026251507,0.01427571423513028,0.028036639874053772,0.02408175605557529,0.004317687210090957,0.11,6.483333333333334,9.75,29.88333333333333,53.86666666666667,6.55,335.6666666666667,51.07150000000001,0.002916223171813988,0.01128282518764438,0.26975001989759373,ID
13,Illinois,343319.1886227545,2043.291390728477,4697151.976047904,66.0,5040471.164670658,3043.963333333333,,706.31,,379.8933333333333,,,6591980.80632411,,,204024.01570680627,9889.50566037736,571.7689075630252,,821166.8695652174,,,,,,,,,,,17.0,3372.1467065868264,44649.30239520958,5040473.535928144,48021.44910179641,5040471.164670658,,63.631736526946106,0.0,0.0,0.0,0.0,0.0,0.0,,-22.338323353293415,-3.7724550898203595,36.74550898203593,-36.19760479041916,-32.33832335329341,10.89820359281437,-11.58023952095808,2.6017964071856285,0.24610591900311526,1.377245508982036,0.8167701863354038,1.2724550898203593,1.0,3.4760479041916166,0.7384615384615385,0.0,,1.3892215568862276,0.978125,1.8682634730538923,0.33753943217665616,0.0,343211.0628742515,8432.520958083833,53.62502994011975,51.84772455089824,51.68275449101797,12671821.0,782019.0,4.0,69212.0,11.09999999999994,34.10000000000021,28.7,26.10000000000016,11.0,88.5,0.7693451470976171,0.15335031646879355,0.010923145675708854,0.06492875977711646,0.001452630980772207,0.14,2.9166666666666665,6.416666666666667,23.366666666666664,67.3,4.8,506.6666666666667,56.99116666666666,0.0050215147867813245,0.0,0.07022167738917065,IL
14,Indiana,161087.8403614458,,970024.387195122,,2019080.5816023739,1568.340425531915,16234.748175182482,466.5847176079734,3112.4052044609666,195.56810631229237,,140502.59349593497,2019080.5816023739,162327.18397626112,,,4102.478102189781,241.32830188679245,,1395927.6136363635,,,,,,,,,,,18.0,1859.5905044510387,6917.462908011869,1102816.5044510385,20814.596439169138,1102816.5044510385,,29.596439169139465,119.72700296735906,0.0,0.0,0.0,0.0,0.0,,-11.068249258160238,-0.7210682492581603,87.52522255192878,-6.445103857566766,-25.83679525222552,7.572700296735905,8.690801186943608,2.5514018691588785,0.49514563106796117,1.420731707317073,0.9337539432176656,1.3475609756097562,0.939297124600639,2.398753894080997,0.8472727272727273,0.18991097922848665,0.0,0.4599406528189911,0.13138686131386862,1.1364985163204748,0.0778816199376947,0.5637982195845698,158699.50148367952,3813.347181008902,44.6779268292682,46.42018292682932,46.66481707317072,6732219.0,332040.59999999823,3.2999999999999794,57617.0,11.400000000000063,25.899999999999835,29.100000000000186,33.5,10.940000000000046,72.4000000000003,0.8488924522743495,0.10985703754994826,0.009672394234459085,0.030160586107859374,0.0014175298333912317,0.135,4.3,8.283333333333333,24.983333333333334,62.400000000000006,5.683333333333334,423.5,53.014,0.004396238323372942,0.017784181258417034,0.0893406946363678,IN
15,Iowa,87953.74096385542,,480569.2560240964,13.125,568522.9969879518,438.53035143769966,106.0,112.51178451178451,,56.90909090909091,,78591.89102564103,2210334.1403508773,263172.48214285716,1973389.5535714286,87952.76204819277,,,,710831.8333333334,,,,56705.782945736435,4467.647286821705,52201.817829457366,107927.99363057326,21281.299363057326,880320.125,45377.94642857143,19.0,805.8975903614457,2970.225903614458,568523.313253012,3776.123493975904,568522.9969879518,,14.762048192771084,0.0,0.0,0.0,0.0,0.0,0.0,,-11.828313253012048,11.352409638554217,98.46774193548387,-8.80722891566265,-23.728915662650603,7.406626506024097,11.77364457831325,2.3644578313253013,0.29102167182662536,1.0060240963855422,0.8125,0.7048192771084337,1.0,1.2409638554216869,1.0,0.4186746987951807,0.0,0.4789156626506024,0.9937106918238994,0.0,,0.0,98380.3734939759,1408.9036144578313,31.623554216867564,40.09617469879523,35.074548192771054,3155070.0,173688.39999999903,2.700000000000015,61807.0,8.0,28.199999999999978,32.6000000000002,31.100000000000193,8.780000000000042,64.0,0.9058583231889886,0.05036716778324292,0.010479021001817182,0.031035635749937816,0.0022598522760118103,0.13,3.5,8.166666666666666,28.483333333333338,59.88333333333333,6.333333333333333,354.6666666666667,51.39266666666666,0.0046788338112216474,0.0,0.213419288761902,IA
16,Kansas,70862.64156626505,,353755.25,4.6,424617.8915662651,545.7958115183246,2916.244372990354,140.77114427860695,893.5935251798561,53.985074626865675,255.00359712230215,2199.1079136690646,2182729.6,,,,,,,549792.6944444445,,,,,,,,,,,20.0,827.3644578313254,2692.873493975904,424617.9608433735,3520.237951807229,424617.8915662651,,11.382530120481928,25.352409638554217,0.0,0.0,0.0,0.0,0.0,,-13.593373493975903,-3.5963855421686746,73.83227848101266,-4.042168674698795,-26.042168674698797,7.620481927710843,4.513102409638555,2.4156626506024095,0.3956386292834891,0.8283132530120482,0.4810126582278481,1.3704819277108433,0.75,3.3283132530120483,0.7515527950310559,0.9608433734939759,0.0,0.31626506024096385,1.0,0.1897590361445783,1.0,1.8132530120481927,71837.78313253012,879.6897590361446,46.51153614457842,41.92051204819288,45.25349397590358,2913314.0,155944.2999999993,3.2000000000000193,62028.0,9.30000000000004,32.89999999999979,31.799999999999937,26.0,12.38999999999996,74.20000000000044,0.8629417652798328,0.07393594818853914,0.02314507102540841,0.037684475969935995,0.0022927395362810563,0.155,3.1333333333333333,8.35,26.333333333333332,62.166666666666664,6.166666666666667,381.5,58.195166666666665,0.003907072880054099,0.008702257854304143,0.23503083290337543,KS
17,Kentucky,85106.46987951807,18688.36328125,,3.0,1190737.5843373493,844.2222222222222,6115.393939393939,215.0976430976431,1632.7205387205388,212.41975308641975,,15100.59595959596,1190737.5843373493,201519.725,,83906.02867383513,1273.1824817518248,53.51162790697674,,,66159.916,7456.85,,,,,,,88623.54010695187,22257.475,21.0,1093.0421686746988,0.0,85106.47891566265,10813.900602409638,85106.46987951807,,11.28012048192771,50.26204819277108,0.0,0.0,0.0,0.0,0.0,,-15.668674698795181,1.355421686746988,62.09365558912387,-10.810240963855422,-27.84036144578313,8.00301204819277,1.787801204819276,2.3795180722891565,0.6180124223602484,1.716867469879518,0.7614678899082569,1.3132530120481927,0.6788990825688074,3.7771084337349397,1.0,1.8734939759036144,0.0,0.75,0.859375,0.9186746987951807,1.0,0.25903614457831325,85129.77710843373,1105.9246987951808,58.25397590361429,56.65599397590376,58.71608433734947,4467673.0,189365.60000000102,4.299999999999974,52256.0,14.30000000000009,23.60000000000014,29.100000000000183,33.0,13.11000000000002,58.400000000000006,0.8754711490569778,0.0947980060378084,0.00845126531227584,0.019634598035707374,0.0016449815572302112,0.16,3.6,6.5,25.250000000000004,64.61666666666667,5.633333333333334,415.0,52.910833333333336,0.002524831267178173,0.011250162711722878,0.10107751207100411,KY
18,Louisiana,139930.8761329305,14265.993710691824,1700101.9454545456,,1834896.5619335347,1146.0796178343949,,,,164.57188498402556,,132903.60350877192,2269553.787878788,,,133078.02719033233,4830.442857142857,210.09056603773584,,,,,,,,,,,192676.7,,22.0,1210.3504531722053,13917.891238670694,1834896.5619335347,15128.2416918429,1834896.5619335347,,26.764350453172206,0.0,0.0,0.0,0.0,0.0,0.0,,-18.52870090634441,-2.634441087613293,-11.202416918429003,-22.897280966767372,-27.700906344410875,8.108761329305135,-16.592749244712984,2.2628398791540785,0.7360248447204969,1.848942598187311,1.0,1.7613293051359518,0.9603658536585366,2.806646525679758,0.9907692307692307,0.9697885196374623,0.0,1.1117824773413898,1.0,0.0,,0.0,139931.4652567976,4343.138972809667,49.98495468277963,46.206283987915604,48.04616314199388,4648794.0,240475.2999999985,4.799999999999971,51108.0,15.199999999999905,23.699999999999875,27.100000000000165,34.0,19.10999999999991,73.20000000000044,0.6311341003544659,0.33170560877869193,0.01381824368710535,0.021961721558833004,0.001380325620903777,0.16,3.6666666666666665,5.616666666666667,23.21666666666667,67.48333333333333,6.2,400.3333333333333,56.80583333333334,0.005757267466179875,0.0,0.08000602302809734,LA
19,Maine,7733.918429003021,1295.043956043956,394445.63746223564,13.5,402179.5558912387,60.97959183673469,505.987012987013,20.303754266211605,,8.133105802047782,,4830.58785942492,500676.01136363635,10617.33073929961,502443.2840466926,6665.800604229607,178.91240875912408,2.295964125560538,,28005.071428571428,10121.44747081712,426.97665369649803,9213.033210332103,,,,,,60087.48351648352,2907.032967032967,23.0,118.8036253776435,4040.09667673716,402179.8006042296,4158.900302114804,402179.5558912387,,1.7824773413897281,4.19939577039275,0.0,0.0,0.0,0.0,0.0,,-10.91238670694864,2.879154078549849,100.06862745098039,-12.53921568627451,-25.416918429003022,7.601208459214502,9.477945619335348,2.0060422960725077,0.9226006191950464,1.7824773413897281,1.0,1.6253776435045317,1.0,3.1601208459214503,1.0,1.404833836858006,0.9737704918032787,1.148036253776435,0.9744408945686901,1.836858006042296,1.0,0.0,7735.465256797583,152.56495468277944,64.96102719033213,59.37948640483405,61.837794561933485,1344212.0,58528.40000000003,3.0,58824.0,7.6999999999999895,30.899999999999807,29.600000000000183,31.799999999999937,5.0,38.70000000000018,0.9437608187356487,0.022597109554932254,0.015226503822498303,0.017461037956430194,0.0009545299304973818,0.135,3.9500000000000006,5.449999999999999,23.000000000000004,67.63333333333334,5.766666666666667,338.1666666666667,52.91416666666666,0.001326038855024154,0.0031240576414975837,0.028566115258216642,ME
20,Maryland,117045.45645645645,,1130667.5525525527,13.0,2345047.4522292996,956.8286713286714,14560.740384615385,271.86013986013984,,,,6122.428104575163,2345047.4522292996,148593.0414012739,,117045.45645645645,3374.259375,128.4401294498382,,1559996.4242424243,,,,145279.5026737968,14110.395721925133,131169.10695187165,,,,,24.0,1064.4834834834835,8531.822822822824,1247713.087087087,21060.522522522522,1247713.009009009,,21.4024024024024,96.26126126126127,0.0,0.0,0.0,0.0,0.0,,-21.98198198198198,-8.915915915915916,51.6996996996997,-40.1951951951952,-36.234234234234236,13.507507507507508,-11.12552552552551,2.3993993993993996,0.41304347826086957,1.7837837837837838,0.8571428571428571,1.945945945945946,0.4325153374233129,3.4564564564564564,0.4263803680981595,0.5825825825825826,1.0,0.7897897897897898,0.63,1.3633633633633633,0.9415584415584416,0.6576576576576577,117045.65165165166,3344.894894894895,58.23744744744726,55.67909909909925,56.80783783783783,6045680.0,374385.5999999978,3.6000000000000005,86644.0,10.0,39.60000000000023,25.600000000000158,24.800000000000118,12.329999999999952,87.20000000000049,0.5913103657086014,0.31810953235724415,0.013012584374421852,0.07524832732990312,0.002319190229828432,0.135,1.1666666666666667,3.0833333333333335,19.916666666666668,75.81666666666666,4.816666666666667,435.6666666666667,61.55133333333333,0.003540114991597703,0.015922321601748897,0.0505440205647844,MD
21,Massachusetts,158394.7699386503,8877.101063829787,1683940.1671826625,,3879184.225519288,1339.7854785478548,11371.223974763407,290.35616438356163,,103.96326530612245,,145337.31325301205,3879184.225519288,185990.44510385758,,175428.24100719424,9255.959854014598,224.8,,2214482.3106060605,,,,112597.56967213115,12638.850574712644,,226482.84393063583,,,,25.0,1554.9703264094956,12142.991097922848,1767208.8100890208,40453.646884272996,1767208.8100890208,,43.25519287833828,53.43620178041543,0.0,0.0,0.0,0.0,0.0,,-24.70326409495549,-10.887240356083087,41.38575667655786,-50.88427299703264,-36.94955489614243,13.11572700296736,-16.407715133531156,2.4391691394658754,0.254601226993865,2.0534124629080117,0.7802547770700637,1.454005934718101,0.8461538461538461,3.3026706231454006,1.0,0.9228486646884273,0.03536977491961415,0.9792284866468842,1.0,1.2077151335311573,0.909967845659164,1.2759643916913948,152507.82492581604,7838.52818991098,58.74255192878343,54.8226112759643,59.941038575667704,6892503.0,518718.5999999968,2.8999999999999844,85700.0,9.599999999999943,42.89999999999976,23.300000000000125,24.19999999999987,8.829999999999957,92.0,0.8066226754649005,0.10210212075232043,0.010589929073008831,0.07839810861357073,0.0022871660961925142,0.11,1.7666666666666666,4.666666666666667,23.45,70.05,4.866666666666667,461.3333333333333,57.48999999999999,0.006275687203667271,0.007752800656077398,0.03843832252893905,MA
22,Michigan,179902.11572700297,14803.510385756677,3009483.3243243243,17.916666666666668,3153664.5697329375,1670.1879194630872,,465.3523489932886,,291.99328859060404,,120701.78289473684,3346601.738317757,224699.3707165109,3121983.953271028,165098.6053412463,6633.608955223881,322.7240356083086,,,286556.24803149607,,,,,,,,,,26.0,1810.4569732937684,25982.845697329376,3153665.2077151337,27793.302670623147,3153664.5697329375,,46.068249258160236,0.0,0.0,0.0,0.0,0.0,0.0,,-19.839762611275965,-4.528189910979228,111.75370919881306,-25.706231454005934,-31.504451038575667,10.008902077151335,6.035014836795255,2.4094955489614245,0.6273291925465838,1.7655786350148368,0.7391304347826086,1.4658753709198813,0.7217125382262997,1.9406528189910979,0.3620178041543027,0.9525222551928784,0.0,1.086053412462908,0.9902597402597403,0.4094955489614243,1.0,0.9226190476190477,178710.0178041543,6822.086053412463,48.652136498516235,47.86169139465873,49.75792284866456,9986857.0,473859.59999999695,4.099999999999988,59522.0,9.5,28.60000000000018,32.89999999999979,29.0,6.890000000000024,74.59999999999965,0.793870476219069,0.1503879284423327,0.015438090955990807,0.03908485906044708,0.0012186453221632067,0.145,2.5666666666666664,5.283333333333333,24.033333333333335,68.13333333333334,4.966666666666667,480.6666666666667,56.6265,0.004612887644046594,0.0,0.06514004451897608,MI
23,Minnesota,131671.02710843374,8897.809090909092,1115524.656626506,,1940831.3042168675,573.8006430868168,8640.693037974683,174.48692810457516,2150.4019292604503,,,128148.85993485342,,,767125.0,128722.9578313253,2501.6459854014597,67.0530303030303,1940831.3042168675,1987478.2634408602,,,,,,,,,146646.4,,27.0,1390.9819277108434,8501.463855421687,1247195.6837349397,18784.948795180724,1247195.6837349397,,18.674698795180724,73.21686746987952,0.0,0.0,0.0,0.0,0.0,,-20.13855421686747,-4.445783132530121,78.3433734939759,-41.36144578313253,-32.0210843373494,11.240963855421686,-3.9246987951807237,2.8313253012048194,0.171875,1.4743202416918428,1.0,1.6867469879518073,0.9938461538461538,3.3403614457831323,1.0,0.21987951807228914,0.726027397260274,1.0933734939759037,1.0,0.5993975903614458,1.0,1.0391566265060241,131270.97891566265,2151.3463855421687,55.517590361445706,49.252680722891554,51.317048192771104,5639632.0,338752.2999999981,3.2000000000000193,74529.0,7.0,35.399999999999785,32.6000000000002,24.89999999999985,5.1099999999999675,73.29999999999956,0.838139333205358,0.08098457757754243,0.021446717295718017,0.05779876944188127,0.0016306024795023468,0.13,4.3999999999999995,6.666666666666665,26.78333333333333,62.15,5.516666666666667,433.0,55.17816666666666,0.0033113328662545223,0.012982561179502408,0.07404768268879708,MN
24,Mississippi,85211.79758308157,22529.950819672133,523862.5871559633,,602743.7190332327,887.3658536585366,4737.363924050633,214.07142857142858,,120.00344827586207,,80869.63309352518,716140.8134328359,,,91116.64754098361,2566.5122950819673,385.8483606557377,,,34875.71875,,,,,,,,213319.16770186336,,28.0,830.8187311178248,3910.8398791540785,602743.7190332327,4741.658610271903,602743.7190332327,,18.26283987915408,26.123867069486405,0.0,0.0,0.0,0.0,0.0,,-9.845921450151057,-1.607250755287009,15.365558912386707,-1.6163141993957704,-24.338368580060422,6.59214501510574,-4.408459214501508,2.29607250755287,0.5454545454545454,1.1933534743202416,0.8913043478260869,1.096676737160121,0.8848684210526315,3.4924471299093653,0.6151315789473685,0.38368580060422963,1.0,1.096676737160121,1.0,0.0,,0.0,85209.16314199395,2238.95166163142,44.09432024169173,39.29377643504534,41.981027190332156,2976149.0,104209.19999999958,5.40000000000003,45928.0,16.100000000000033,21.80000000000012,31.799999999999937,30.29999999999997,17.439999999999916,49.39999999999974,0.5937182031606106,0.3804336161485536,0.010489313612227014,0.01409328662730933,0.0012655804513031466,0.18,3.383333333333333,5.466666666666666,27.733333333333334,63.416666666666664,7.1499999999999995,344.1666666666667,58.65083333333333,0.006136399716262216,0.008777741661955232,0.17521690180689384,MS
25,Missouri,131586.82779456192,,823555.5122699386,,1490924.598187311,1372.904290429043,,564.4571428571429,,185.62396694214877,,,1490924.598187311,146536.0,1341893.3141993957,131581.48640483385,,,,1171625.571969697,100065.904,9574.352,90293.536,61417.682119205296,1568.4915254237287,37916.87005649717,102522.69105691057,,209245.92,26321.688,29.0,1386.1601208459215,5363.712990936556,942701.924471299,12558.214501510574,942701.924471299,,20.386706948640484,0.0,0.0,0.0,0.0,0.0,0.0,,-11.489425981873111,0.8429003021148036,56.92447129909365,-15.377643504531722,-25.788519637462237,7.468277945619335,1.022356495468281,2.178247734138973,0.5171339563862928,1.2054380664652569,0.09302325581395349,1.8696969696969696,0.13580246913580246,3.108761329305136,0.24573378839590443,0.0,,1.3515151515151516,0.17834394904458598,0.9093655589123867,0.23588039867109634,0.0,134860.64048338367,2172.5075528700904,43.290121212121306,39.81661631419937,43.21060422960738,6137428.0,290956.20000000176,3.29999999999998,57375.0,10.400000000000059,28.600000000000176,30.200000000000024,30.700000000000042,12.559999999999958,70.40000000000026,0.8296961900672079,0.12705638362452235,0.013942634067974776,0.02669499677727499,0.0026097954630198627,0.13,4.8999999999999995,7.116666666666667,27.8,60.150000000000006,5.3500000000000005,449.5,53.20166666666666,0.003321702014042443,0.0,0.11037875811718188,MO
26,Montana,23378.7915407855,2117.2,285870.7432024169,57.0,309249.53474320244,160.21812080536913,1113.246794871795,52.82857142857143,,27.771428571428572,,20959.79933110368,330126.3677419355,,,91167.2,,,,,,,,,,,,,,,30.0,283.83383685800607,2605.824773413897,309249.70694864047,2889.6586102719034,309249.53474320244,,3.7250755287009065,12.824773413897281,0.0,0.0,0.0,0.0,0.0,,-7.2749244712990935,8.646525679758309,77.42483660130719,2.277439024390244,-22.27190332326284,5.498489425981873,10.717270896273922,2.066465256797583,0.5015479876160991,1.29607250755287,0.9875776397515528,1.1722054380664653,1.0,3.13595166163142,1.0,0.540785498489426,0.0,1.848942598187311,0.12218649517684887,0.19637462235649547,1.0,0.8157099697885196,23378.948640483384,279.64954682779455,48.04211480362537,47.76592145015106,49.887522658610315,1068778.0,47180.69999999972,3.5,57248.0,6.7999999999999865,31.200000000000053,32.70000000000008,29.200000000000003,5.9400000000000395,55.89999999999994,0.889464849831332,0.01121655424982881,0.08217540659895654,0.014916046148731725,0.0022271431711539465,0.13,6.050000000000001,9.200000000000001,30.55,54.199999999999996,8.033333333333333,232.0,50.208499999999994,0.003485359474746773,0.011999473617437187,0.09822400329542687,MT
27,Nebraska,55651.42042042042,,317078.99399399396,13.5,629810.8931750741,365.74285714285713,2920.7736625514403,81.0,,56.0,,47663.65020576132,629810.8931750741,63995.66765578635,564916.5489614244,,,,,399359.3247588425,,,,,,,,,,,31.0,565.9139465875371,2174.240356083086,368307.11572700297,6231.744807121661,368306.31454005936,,5.6973293768546,17.222551928783382,0.0,0.0,0.0,0.0,0.0,,-12.364985163204748,0.6379821958456974,69.0224358974359,-5.700296735905044,-24.554896142433236,8.086053412462908,4.295400593471812,1.9851632047477745,0.5907692307692308,0.9020771513353115,0.4321608040201005,1.3827893175074184,0.652014652014652,2.27893175074184,0.44936708860759494,0.9525222551928784,0.9750778816199377,0.43026706231454004,0.7954545454545454,0.8338278931750742,1.0,0.03560830860534125,55527.42729970327,552.893175074184,40.452818991097935,43.82626112759642,43.34468842729961,1934408.0,114877.19999999992,3.0,63290.0,8.900000000000054,31.299999999999937,33.5,26.300000000000065,9.329999999999957,73.0999999999997,0.880463584009216,0.06229864103664793,0.022073507402645205,0.03293774877463267,0.0022265187768573135,0.145,4.8500000000000005,9.883333333333333,27.8,57.46666666666667,7.166666666666667,294.3333333333333,53.14333333333334,0.0029452573484262884,0.0089032675261803,0.09081147641681485,NE
28,Nevada,78676.46546546546,,463483.2792792793,164.0,862300.8888888889,930.2417582417582,,232.1947565543071,,136.60299625468164,,,451068.2946859903,,,78675.65465465466,0.0,,862300.8888888889,677617.9053030303,,,,,,,,,,,32.0,835.7567567567568,3161.5705705705705,542160.2372372373,7471.522522522522,542159.7447447447,,12.822822822822824,0.0,0.0,0.0,0.0,0.0,0.0,,-22.31831831831832,-6.546546546546547,-22.3003003003003,-37.01801801801802,-35.22522522522522,10.94894894894895,-24.681681681681667,2.069069069069069,0.2639751552795031,1.6336336336336337,0.7430340557275542,1.5405405405405406,1.0,2.963963963963964,1.0,0.0,,0.6966966966966966,1.0,0.46846846846846846,1.0,0.0,78682.36036036036,1301.852852852853,45.02108108108128,44.93060060060065,46.34525525525532,3080156.0,154139.3999999991,3.900000000000007,63268.0,13.699999999999914,24.19999999999987,33.89999999999979,28.10000000000018,9.940000000000046,94.2000000000005,0.7405868498952083,0.11398383168656065,0.02653140597653452,0.10419888445428101,0.014699027987418501,0.15,3.3333333333333335,7.25,24.549999999999997,64.83333333333333,6.150000000000001,393.8333333333333,61.210333333333345,0.004163043307813898,0.0,0.1118589623784725,NV
29,New Hampshire,13334.473053892216,6381.352459016393,213125.2874251497,483.05494505494505,400315.1646706587,93.12627986348123,635.5286624203821,,224.68382352941177,,,12021.722222222223,400315.1646706587,,,22184.303278688523,,,,281580.26235741447,26615.81118881119,,,27761.09961685824,,,,,69390.41818181818,,33.0,196.68562874251498,1652.1467065868264,226591.37125748504,3778.895209580838,226459.76047904193,,3.1646706586826348,3.104790419161677,0.0,0.0,0.0,0.0,0.0,,-11.817365269461078,-0.8592814371257484,88.44805194805195,-21.637820512820515,-27.92814371257485,10.01497005988024,3.9827844311377274,2.395209580838323,0.2919254658385093,1.3383233532934131,1.0,1.2335329341317365,1.0,1.0718562874251496,1.0,0.6377245508982036,0.0,1.1736526946107784,1.0,1.1616766467065869,1.0,0.46706586826347307,13348.146706586826,392.74251497005986,47.80967065868262,46.19946107784417,49.60802395209591,1359711.0,77872.80000000045,2.5,78571.0,7.099999999999955,36.5,28.8,27.600000000000172,6.559999999999959,60.29999999999962,0.9306340524005293,0.02434015732572266,0.009047167400747437,0.03482733581347285,0.0011512870595334485,0.13,2.6166666666666667,6.3999999999999995,22.966666666666665,68.0,5.983333333333333,325.5,54.53666666666666,0.002327458304509293,0.0022834193583501764,0.05204844745200852,NH
30,New Jersey,235981.6006006006,15631.196363636363,2951464.624242424,259.73333333333335,3123338.8694362016,2339.108974358974,31060.98406374502,531.55,,373.93355481727576,,36968.06071428571,3911417.9661654136,,,223072.95495495494,12334.645259938838,1559.5845697329378,,113255.01492537314,,,,,,,,,,,34.0,2067.741839762611,25849.094955489614,3123361.991097923,27916.836795252224,3123338.8694362016,,63.75074183976261,179.65578635014836,0.0,0.0,0.0,0.0,0.0,,-27.160237388724035,-6.317507418397626,60.682492581602375,-43.6053412462908,-36.07121661721068,13.4540059347181,-10.494362017804148,2.4154302670623147,0.34375,1.6379821958456973,1.0,1.3857566765578635,1.0,3.2997032640949553,1.0,0.2818991097922849,1.0,1.2077151335311573,0.9684542586750788,0.658753709198813,1.0,0.0,233476.77744807123,13571.379821958457,50.16023738872414,52.87931750741812,52.29445103857568,8882190.0,563949.5,3.5999999999999996,85786.0,10.5,38.89999999999977,23.199999999999875,27.5,11.5,94.7000000000005,0.7209408388752346,0.1600853179094999,0.0112525130898162,0.10551039325963063,0.002210936865823438,0.14,1.9500000000000002,4.05,20.466666666666665,73.5,4.616666666666666,490.0,59.19299999999999,0.0071773675005559,0.020226519174904877,0.07406791302782087,NJ
31,New Mexico,43779.006006006006,,762341.924924925,0.0,806120.9309309309,305.6109324758842,4213.3231292517,,,18.0,,21641.31935483871,1004807.9849056604,,,,,,,,,,,,,,,,,,35.0,522.7147147147147,6514.639639639639,806120.9309309309,7037.354354354355,806120.9309309309,,9.85885885885886,36.26126126126126,0.0,0.0,0.0,0.0,0.0,,-21.99099099099099,-3.855855855855856,8.03003003003003,-15.147147147147146,-31.94894894894895,10.663663663663664,-12.982582582582582,2.4054054054054053,0.6842105263157895,2.12012012012012,0.799373040752351,1.957957957957958,0.8987730061349694,3.873873873873874,0.941717791411043,1.927927927927928,0.0,0.9669669669669669,1.0,1.867867867867868,0.5530546623794212,1.867867867867868,43771.696696696694,921.8078078078078,73.40291291291288,63.74237237237223,68.114174174174,2096829.0,97092.0,4.900000000000024,52021.0,14.699999999999909,27.10000000000017,31.70000000000006,26.39999999999984,11.889999999999961,77.40000000000038,0.8193831822607448,0.033506246152832535,0.1196108928118342,0.024459981807276664,0.003039696967307353,0.145,3.733333333333333,7.849999999999999,22.45,65.95,9.25,241.66666666666666,54.88550000000001,0.004701794404245105,0.017293380271477195,0.07427716275098263,NM
32,New York,483618.76785714284,,,130.0,9808294.42857143,4323.560747663551,83333.70347003154,1089.070512820513,,409.85925925925926,,73987.4115755627,,,,,0.0,,9808294.42857143,,,,,,,,,,,,36.0,4198.380952380952,0.0,483620.3154761905,95719.49702380953,483618.76785714284,,104.69642857142857,267.8422619047619,0.0,0.0,0.0,0.0,0.0,,-32.05059523809524,-8.31547619047619,19.00297619047619,-47.523809523809526,-36.342261904761905,12.62797619047619,-21.04583333333334,2.419642857142857,0.50920245398773,2.4464285714285716,0.5258358662613982,1.7023809523809523,0.5674846625766872,3.544642857142857,0.5969230769230769,0.9791666666666666,1.0,1.2113095238095237,0.9270516717325228,1.5982142857142858,1.0,1.9464285714285714,488132.34821428574,29086.79464285714,69.06851190476205,69.29577380952388,67.12410714285727,19453561.0,1461558.699999992,4.0,72038.0,13.5,35.899999999999785,24.399999999999853,26.100000000000165,7.440000000000042,87.9000000000005,0.6980314871724734,0.18701796120947778,0.01593013677441637,0.09637833168065761,0.0026420831629698463,0.17,1.6333333333333335,3.516666666666666,21.25,73.60000000000001,4.316666666666666,584.1666666666666,64.78333333333335,0.005381864460261469,0.013768289615703878,0.04386129349735964,NY
33,North Carolina,199531.08083832337,28947.60465116279,2557366.064417178,151.0,2695642.8682634733,1342.5079872204474,,441.02061855670104,,,,204483.43984962406,3391980.950570342,,,225729.28057553957,3418.3649635036495,256.4296875,,,,,,,,,,,168973.7258064516,,37.0,2268.0389221556884,24509.266467065867,2695643.7724550897,26777.305389221558,2695642.8682634733,,27.949101796407184,0.0,0.0,0.0,0.0,0.0,0.0,,-16.733532934131738,-2.251497005988024,34.92814371257485,-28.25748502994012,-29.047904191616766,8.610778443113773,-8.272455089820358,2.3473053892215567,0.9409937888198758,2.0479041916167664,0.8932926829268293,1.152694610778443,0.8689024390243902,3.0089820359281436,1.0,0.9640718562874252,0.9565217391304348,1.2694610778443114,0.9847560975609756,1.1976047904191616,0.9025157232704403,0.0,200896.24550898204,2929.5508982035926,57.569670658682625,53.31967065868289,54.07886227544903,10488084.0,508625.09999999683,3.900000000000007,57388.0,12.599999999999946,30.5,31.0,25.89999999999984,15.0,66.09999999999981,0.7077992254587494,0.23028693579437218,0.022845750185062973,0.03686387959001768,0.0022042089718036307,0.15,4.25,6.516666666666666,23.183333333333334,66.01666666666667,4.916666666666667,494.5,56.48383333333334,0.0026648434353126063,0.0,0.08470004315925765,NC
34,North Dakota,29499.36280487805,662.734756097561,159162.3746223565,6.5,517501.1768292683,111.96688741721854,1171.788643533123,27.427710843373493,350.0421686746988,,,28009.363344051446,541377.5457317074,,,28836.628048780487,,,517501.1768292683,188956.38414634147,9363.268292682927,638.8414634146342,8724.426829268292,,,,,,17933.647058823528,,38.0,294.9546827794562,895.6374622356495,188394.52870090635,4066.462235649547,188394.37160120846,,4.356495468277946,11.419939577039274,0.0,0.0,0.0,0.0,0.0,,-12.842900302114804,-4.163141993957704,63.88513513513514,-13.208459214501511,-22.099697885196374,7.132930513595166,0.8459214501510551,2.3716012084592144,0.2391304347826087,1.0453172205438066,0.7598684210526315,1.0996978851963746,0.7760736196319018,0.6646525679758308,0.09090909090909091,0.15709969788519637,0.0,0.0,,0.18126888217522658,1.0,1.0030211480362539,29119.4501510574,390.33836858006043,33.0406344410874,33.43622356495476,36.0933232628399,762062.0,54099.599999999846,2.3999999999999857,67402.0,7.5,29.5,36.299999999999855,26.800000000000065,4.670000000000012,59.900000000000034,0.8697988984244867,0.04048033815806342,0.06617650826181629,0.02172153195849886,0.0018227231971307727,0.145,5.0,11.166666666666666,34.849999999999994,48.96666666666666,9.200000000000001,194.33333333333334,59.94716666666667,0.005716720513918744,0.014985578046194764,0.07253348628045043,ND
35,Ohio,210379.21921921923,20088.037037037036,,94.91666666666667,2896379.548192771,1897.8945454545456,16058.700315457414,512.9054545454545,3076.5942492012778,306.3818181818182,,245016.39252336448,2896379.548192771,207975.93373493975,,192462.86186186186,4256.922558922559,370.18518518518516,,,,,,,,,,,561449.1944444445,28830.89814814815,39.0,2690.066066066066,0.0,210382.63963963964,27249.45945945946,210379.21921921923,,33.55855855855856,138.78378378378378,0.0,0.0,0.0,0.0,0.0,,-15.651651651651651,-2.870870870870871,95.44144144144144,-13.654654654654655,-28.02102102102102,8.555555555555555,7.048648648648647,2.4984984984984986,0.4878048780487805,1.6546546546546546,1.0,1.4744744744744744,0.7357357357357357,3.8828828828828827,1.0,0.0,,1.3423423423423424,1.0,0.9459459459459459,1.0,0.918918918918919,210378.98198198198,5297.480480480481,56.581021021021066,54.19222222222225,57.12513513513524,11689100.0,615600.1999999973,4.099999999999989,58704.0,9.900000000000057,27.800000000000033,29.100000000000183,33.299999999999905,10.389999999999976,77.90000000000038,0.8183303946606774,0.14215666322477688,0.00899942783459584,0.029266427235740494,0.0012470870442068572,0.135,3.966666666666667,6.6000000000000005,24.666666666666668,64.8,4.7,506.5,54.08766666666666,0.0028709274930113146,0.011872922961030685,0.09871997901713343,OH
36,Oklahoma,94412.3746223565,,953011.7606060606,5487.5,1044544.9456193354,794.6864686468647,6487.845425867508,255.37908496732027,,,,88714.64900662252,1245851.8669064748,114625.19424460431,1128726.5215827338,35389.22340425532,,,,,71859.1106870229,4274.534351145038,,,,,,,,,40.0,1176.6495468277947,8445.138972809667,1047429.6132930514,9621.788519637463,1044544.9456193354,,10.716012084592146,66.22658610271904,0.0,0.0,0.0,0.0,0.0,,-10.220543806646525,1.2084592145015105,34.30815709969789,-4.1782477341389725,-25.380664652567976,7.096676737160121,-0.8525679758308157,2.404833836858006,0.16199376947040497,0.48338368580060426,0.7105263157894737,1.1540785498489425,0.2608695652173913,2.0604229607250755,0.1169811320754717,0.5045317220543807,0.0,0.851963746223565,0.23770491803278687,0.7552870090634441,0.372,0.0,94413.26586102719,984.9214501510575,35.73006042296061,36.742447129909216,39.59610271903319,3956971.0,201314.0,3.29999999999998,54447.0,12.199999999999926,25.199999999999886,31.299999999999947,31.299999999999947,15.329999999999947,66.20000000000041,0.7477119988472862,0.08895844224909316,0.1311750199425455,0.02888481480094654,0.003269724160126179,0.15,4.383333333333333,7.883333333333334,28.366666666666664,59.400000000000006,6.633333333333333,377.3333333333333,54.9275,0.002708135107533552,0.016736687254649843,0.1222901069199689,OK
37,Oregon,36779.18318318318,,369160.4742647059,164.66666666666666,1076805.2954545454,271.02941176470586,2607.8,67.03355704697987,,31.516129032258064,,3482.9493670886077,1076805.2954545454,60339.76948051948,1016290.2012987013,,,,,515710.50980392157,,,,,,,,,,,41.0,426.3952095808383,0.0,337311.619760479,9469.311377245509,337302.74550898204,,5.859281437125748,23.167664670658684,0.0,0.0,0.0,0.0,0.0,,-20.74251497005988,-3.5119760479041915,51.27245508982036,-28.772455089820358,-32.82634730538922,9.544910179640718,-6.916167664670663,2.4491017964071857,0.2391304347826087,1.9910179640718564,0.484472049689441,1.9281437125748504,1.0,3.7035928143712575,0.8757763975155279,0.0,,0.7574850299401198,0.7560975609756098,1.0658682634730539,0.22611464968152867,0.47904191616766467,37081.700598802396,543.9580838323353,53.52574850299418,51.19170658682648,49.88514970059866,4217737.0,222384.29999999862,3.700000000000023,66955.0,9.599999999999943,32.89999999999979,34.5,23.0,9.110000000000012,81.0,0.8661648700247812,0.031214134935787157,0.033360700204183955,0.06110884442138351,0.008151450413865237,0.11,3.716666666666667,7.300000000000001,25.233333333333334,63.75000000000001,5.383333333333333,428.6666666666667,55.351,0.001389200283736456,0.005492913538861879,0.04502916765473085,OR
38,Pennsylvania,209295.90060240965,20686.270588235293,1505342.2385321101,119.6,2814137.576119403,2113.7766666666666,657.5454545454545,918.9,,309.531561461794,,190100.55686274508,,,,243905.70196078432,,,2814137.576119403,1701646.871559633,,590.7619047619048,,,,,,,,,42.0,2517.086567164179,10857.167164179105,1676817.16119403,27548.39104477612,1676815.376119403,,64.65970149253731,0.0,0.0,0.0,0.0,0.0,0.0,,-20.707462686567165,-6.098507462686567,51.188059701492534,-34.788059701492536,-32.03283582089552,10.35223880597015,-8.487761194029847,2.4,0.27384615384615385,1.7044776119402985,0.8738461538461538,1.5671641791044777,0.8246153846153846,3.1791044776119404,0.32063492063492066,0.6179104477611941,0.0,0.6805970149253732,0.6948051948051948,0.9582089552238806,0.8104838709677419,0.43582089552238806,211212.39402985075,7676.223880597015,51.394477611940225,51.71119402985093,52.45626865671639,12801989.0,728018.0,4.400000000000017,63455.0,9.800000000000049,30.79999999999995,24.30000000000013,35.100000000000215,9.329999999999957,78.70000000000046,0.8162939361761287,0.13124203297212994,0.008937882051838347,0.04199414330645201,0.0015320054934463293,0.11,3.9166666666666665,6.116666666666667,24.55,65.45,4.6499999999999995,524.8333333333334,53.58166666666667,0.005050754339230983,0.0,0.09136963981210378,PA
39,Rhode Island,31621.356083086055,,254146.18694362018,131.28571428571428,740813.2202380953,201.42492012779553,3209.6802721088434,30.90705128205128,,19.713826366559484,,2510.2964169381107,150306.56097560975,40241.95845697329,698282.7477744807,,,,740813.2202380953,285767.5430267062,,,,,,,,,,,44.0,343.3382789317507,1862.9584569732938,285775.7240356083,7533.513353115727,285767.5430267062,,6.433234421364985,24.270029673590503,0.0,0.0,0.0,0.0,0.0,,-16.87833827893175,-6.908011869436201,107.50967741935484,-43.15727002967359,-31.04747774480712,10.433234421364984,-0.10949554896142133,2.3887240356083086,0.7608695652173914,1.8842729970326408,1.0,1.6231454005934718,0.9846625766871165,3.3175074183976263,1.0,0.0,,1.1632047477744807,0.9627329192546584,1.8456973293768546,1.0,1.9287833827893175,31346.961424332345,968.6557863501483,64.55899109792308,65.44219584569757,63.036201780415134,1059361.0,55047.59999999991,3.5999999999999996,70383.0,12.0,33.2999999999999,26.5,28.19999999999999,10.059999999999954,90.7000000000005,0.834650806359376,0.10034541919249686,0.0184742079377787,0.043227267528308626,0.003302298982042797,0.14,1.5999999999999999,4.3,19.666666666666668,74.43333333333334,6.416666666666667,277.3333333333333,59.05783333333334,0.006072749913735719,0.02291006528802788,0.04557478865949738,RI
40,South Carolina,123015.7245508982,12361.420212765957,1078282.5479041915,,1201298.2724550897,1137.08984375,7236.127795527156,280.7659574468085,,156.59895833333334,,66818.73702422145,1536096.0852713177,195795.72549019608,1357385.9137254902,116039.53293413174,2756.194139194139,226.51528384279476,,118179.375,73993.65957446808,8568.234042553191,65423.83829787234,,,,,,245340.10071942446,31543.187050359713,45.0,1327.502994011976,11329.74251497006,1201298.2724550897,12657.245508982036,1201298.2724550897,,21.08383233532934,54.16167664670659,0.0,0.0,0.0,0.0,0.0,,-11.862275449101796,-0.9730538922155688,19.835329341317365,-7.2844311377245505,-25.727544910179642,7.458083832335329,-5.202395209580838,2.3892215568862274,0.43167701863354035,1.2125748502994012,0.953125,1.062874251497006,1.0,2.769461077844311,1.0,0.2155688622754491,0.0,1.0508982035928143,0.9615384615384616,0.18862275449101795,1.0,0.0,123021.08982035928,2420.8562874251497,42.42419161676643,45.19455089820356,46.09730538922145,5148714.0,213451.20000000132,2.799999999999984,56360.0,12.900000000000041,27.399999999999828,30.20000000000003,29.5,16.89000000000006,66.29999999999959,0.6888288312276185,0.2756127434665104,0.011063521437225022,0.022671365618658557,0.0018235382499890535,0.15,3.733333333333333,6.3,25.733333333333334,64.25000000000001,5.683333333333334,422.1666666666667,54.65566666666666,0.004094970576211719,0.010519457217220958,0.1048808757853304,SC
41,South Dakota,31614.22658610272,5978.444444444444,131888.07854984896,61.333333333333336,163502.3655589124,204.73076923076923,2080.6188925081433,72.63414634146342,,42.048780487804876,,28416.66346153846,469743.2197802198,,,70002.07692307692,,,,163502.3655589124,,,,,,,,,,,46.0,327.0392749244713,889.2990936555891,163510.08761329306,1216.3383685800604,163502.30513595167,,5.371601208459214,19.003021148036254,0.0,0.0,0.0,0.0,0.0,,-4.474320241691843,14.722054380664652,139.80921052631578,5.5588235294117645,-20.60725075528701,6.6555891238670695,24.796626384692843,2.0574018126888216,0.696319018404908,0.35347432024169184,0.8727272727272727,0.2598187311178248,0.8372093023255814,0.4350453172205438,1.0,0.0,,0.08761329305135952,0.0,0.18731117824773413,0.8727272727272727,0.0,31613.08157099698,415.17824773413895,20.90187311178243,25.21132930513585,25.58646525679748,884659.0,46810.400000000256,3.29999999999998,60414.0,8.300000000000022,28.5,32.70000000000008,30.60000000000019,7.329999999999965,56.70000000000035,0.8465566025262453,0.02996941356909293,0.10212298037003381,0.019582587770716316,0.0017684157639115245,0.15,6.0,9.716666666666667,29.349999999999998,54.900000000000006,8.433333333333334,219.83333333333334,53.8305,0.006071945471033714,0.021480616992577087,0.2688719548543496,SD
42,Tennessee,196858.01501501503,20898.915750915752,2163266.211009174,,2321146.4564564563,1422.9413680781759,7007.2140575079875,506.757225433526,,256.5606936416185,,182946.58631921824,3189146.2638297873,296281.55555555556,2905103.452991453,214638.59352517987,2680.7388059701493,335.3333333333333,,415674.8620689655,,,,,,,,,443350.98058252427,54067.50485436893,47.0,2185.765765765766,17147.084084084083,2321146.4564564563,19332.84984984985,2321146.4564564563,,28.97897897897898,51.411411411411414,0.0,0.0,0.0,0.0,0.0,,-11.912912912912914,-0.21921921921921922,46.75975975975976,-15.411411411411411,-26.35735735735736,7.381381381381382,-1.4282282282282284,2.3993993993993996,0.32,1.5645645645645645,0.3076923076923077,1.8858858858858858,0.3476923076923077,3.1681681681681684,0.6708860759493671,0.924924924924925,0.0,1.132132132132132,0.7244582043343654,0.16816816816816818,0.5535714285714286,0.0,196855.01801801802,2409.771771771772,47.164864864864825,43.134564564564485,47.00288288288278,6829174.0,330802.0,3.399999999999994,56047.0,13.0,26.60000000000017,28.0,32.3999999999998,14.219999999999956,66.40000000000019,0.7857373042787134,0.17760964577787822,0.011021489345353616,0.023888232008780323,0.0017433285892700023,0.15,3.366666666666667,7.583333333333333,25.966666666666665,63.03333333333333,5.333333333333333,453.1666666666667,54.796666666666674,0.0042434090827058995,0.007528203471080311,0.1130596773234,TN
43,Texas,662785.2994011976,168374.60869565216,,,5724152.701492538,6059.299674267101,,2234.3453608247423,,,,569682.5909090909,5724152.701492538,715488.528358209,,616406.6646706586,453.25,,,,415218.5984848485,41584.41015625,,,,,,,435917.00398406375,38828.940239043826,48.0,7046.662686567164,0.0,660806.8358208955,51937.653731343285,660806.8358208955,,108.92835820895522,0.0,0.0,0.0,0.0,0.0,0.0,,-19.161194029850748,-7.295522388059702,-6.605970149253731,-28.029850746268657,-31.370149253731345,10.794029850746268,-18.49253731343285,2.3223880597014928,0.3105590062111801,1.9761194029850746,0.6055900621118012,1.9223880597014926,0.07033639143730887,3.5432835820895523,0.07308970099667775,0.0,,1.1343283582089552,0.2672955974842767,1.0865671641791044,0.17419354838709677,1.0,673355.6865671641,11943.805970149253,50.75737313432836,45.09907462686562,48.37382089552253,28995881.0,1788527.3000000024,3.5,64044.0,16.800000000000104,29.299999999999983,28.899999999999814,25.0,18.220000000000024,84.70000000000047,0.7876623541131736,0.1353087088270917,0.016373274067503243,0.05802895888567973,0.00262670410654733,0.155,2.8000000000000003,5.300000000000001,23.63333333333333,68.25,4.716666666666666,620.1666666666666,60.85966666666667,0.003756683861716608,0.0,0.1356754142768419,TX
44,Utah,90121.37160120846,,613168.3867069486,,937565.9123867069,327.35185185185185,4351.5667752443,121.56521739130434,967.6555555555556,,365.81481481481484,77524.04081632652,937565.9123867069,90640.52870090635,846925.3836858006,,,,,696271.2054380665,,,,,,,63865.82127659574,10595.927659574469,148967.16595744682,11047.263829787234,49.0,1047.1993957703928,4336.716012084592,703289.7583081571,7877.166163141994,703289.7583081571,,5.030211480362538,40.68882175226586,0.0,0.0,0.0,0.0,0.0,,-14.785498489425981,1.7734138972809668,78.34138972809667,-27.954682779456192,-31.830815709969787,8.969788519637461,1.1087613293051366,2.2416918429003023,0.5858895705521472,1.027190332326284,0.5763358778625954,1.2326283987915407,0.5471014492753623,3.0422960725075527,0.3728813559322034,0.0,,0.6042296072507553,0.25,0.0,,0.0,90120.25981873112,474.42296072507554,36.71362537764356,34.57679758308156,39.3859818731117,3205958.0,164808.29999999917,2.6000000000000147,75705.0,8.0,33.29999999999991,35.79999999999986,22.899999999999867,9.21999999999995,90.59999999999948,0.9045925263807063,0.0210945606105905,0.022345601375841833,0.036483938710524466,0.015483372922335375,0.145,3.6833333333333336,8.783333333333333,28.733333333333334,58.76666666666667,6.800000000000001,341.0,54.60883333333333,0.0015690197689310148,0.012691626575353096,0.1329411331539936,UT
45,Vermont,2629.3454545454547,44.14545454545455,121138.45151515151,,259240.11343283582,19.664495114006513,36.38461538461539,4.704081632653061,,0.0,,2077.640410958904,259240.11343283582,,,2584.951515151515,63.86530612244898,,,123724.57272727272,,,,,,,,,,,50.0,35.71641791044776,871.7850746268657,121920.51641791045,2678.6597014925374,121920.51641791045,,0.5194029850746269,0.0,0.0,0.0,0.0,0.0,0.0,,-18.8089552238806,-6.2119402985074625,69.5210355987055,-37.064516129032256,-30.68358208955224,10.02089552238806,-5.500348258706466,2.334328358208955,0.5745341614906833,1.5462686567164179,1.0,1.9402985074626866,1.0,3.343283582089552,0.7353846153846154,0.0,,1.0656716417910448,1.0,1.9402985074626866,1.0,0.4955223880597015,2581.6805970149253,63.994029850746266,60.191880597014965,61.597044776119574,59.85641791044757,623989.0,30484.69999999998,2.3999999999999857,63293.0,7.4000000000000465,37.299999999999834,26.10000000000016,29.20000000000001,6.05999999999996,38.89999999999977,0.9419378733047283,0.020453097389573828,0.012692753141017,0.023915042670123295,0.0010012334945559936,0.09,2.35,6.3500000000000005,23.349999999999998,68.0,7.966666666666666,188.83333333333334,52.817,0.0008323912522089764,0.0,0.013333689938496752,VT
46,Virginia,138757.4054054054,18007.094405594406,,362.006600660066,1704605.0919881305,1467.2040133779265,9457.638364779874,330.3456375838926,,175.29194630872485,,16275.423208191127,,148496.46884272998,,143188.77272727274,2711.6013986013986,236.48951048951048,1704605.0919881305,,114772.22333333333,8710.73,,,,,,,157969.9762611276,13219.33234421365,51.0,1497.860534124629,0.0,137435.9169139466,15512.486646884274,137110.43323442136,,19.181008902077153,63.52818991097923,0.0,0.0,0.0,0.0,0.0,,-19.632047477744806,-4.652818991097923,41.07715133531157,-33.21661721068249,-32.795252225519285,11.136498516320474,-9.84391691394659,2.3531157270029674,0.9440993788819876,1.6350148367952522,1.0,1.4925816023738872,0.9202453987730062,3.0682492581602374,0.6369426751592356,0.0,,1.195845697329377,1.0,0.913946587537092,1.0,0.0,137115.48071216617,2510.519287833828,50.638308605341365,49.55047477744827,51.30192878338281,8535519.0,485998.40000000305,2.7999999999999834,76471.0,10.699999999999939,38.20000000000018,27.0,24.100000000000147,12.829999999999949,75.5,0.6980248242958221,0.20779809687495895,0.012368885801398836,0.07929185591951357,0.002516337108310889,0.15,2.9333333333333336,4.949999999999999,23.95,68.16666666666667,4.8,489.6666666666667,59.9785,0.002247198899337832,0.00744280340902284,0.09655837701723202,VA
47,Washington,90822.44213649852,3647.398190045249,,63.0,1576155.5697329377,608.3102310231023,8362.59765625,166.87362637362637,,66.70703125,,,,,,88430.52818991098,1831.0616740088105,,1576155.5697329377,350226.89873417723,,,,,,,,,,,53.0,924.566765578635,0.0,90822.81602373887,13496.13353115727,90822.44213649852,,12.700296735905045,52.54005934718101,0.0,0.0,0.0,0.0,0.0,,-22.949554896142434,-6.029673590504451,47.81899109792285,-40.154302670623146,-36.07121661721068,11.252225519287833,-11.47715133531158,2.857566765578635,0.29595015576323985,2.0741839762611276,0.46107784431137727,1.9614243323442135,0.8263473053892215,3.830860534124629,0.3853211009174312,0.9347181008902077,0.0,1.198813056379822,0.20958083832335328,0.2403560830860534,0.0,1.1632047477744807,90140.0059347181,1804.40059347181,56.5004451038576,52.178249258160236,51.5861127596438,7614893.0,531224.0999999967,4.299999999999973,78674.0,8.900000000000054,35.29999999999986,33.70000000000011,22.19999999999988,9.059999999999954,84.09999999999953,0.786538331205458,0.05634939856300962,0.032964168926602415,0.11173826203696248,0.012409839267970105,0.13,2.65,5.866666666666667,24.399999999999995,67.06666666666668,5.216666666666668,441.6666666666667,59.15833333333333,0.0016678234002638049,0.006899645122680122,0.06850604756126438,WA
48,West Virginia,24034.96686746988,4860.278008298756,531902.2560240964,5.92,555937.2228915662,253.53198653198652,29.764705882352942,74.60942760942761,73.0,33.48148148148148,50.0,19104.983164983165,657719.845323741,,,20492.91265060241,678.7674418604652,63.2093023255814,,,17312.562992125986,,,,,,,,,,54.0,364.46084337349396,5495.713855421687,555937.6686746988,5860.174698795181,555937.2228915662,,6.096385542168675,0.0,0.0,0.0,0.0,0.0,0.0,,-12.225903614457831,-0.31626506024096385,39.663492063492065,-3.650455927051672,-25.003012048192772,6.882530120481928,-0.7629518072289164,2.4518072289156625,0.5538461538461539,0.9427710843373494,0.901840490797546,1.819277108433735,0.543046357615894,2.9728915662650603,1.0,0.0,,1.0813253012048192,0.27129337539432175,1.105421686746988,1.0,1.608433734939759,24036.623493975905,414.2168674698795,52.401656626505975,46.68749999999996,51.25174698795177,1792147.0,72161.5,4.9000000000000234,48659.0,13.5,20.300000000000114,25.699999999999907,40.5,11.0,48.700000000000294,0.9342108432679586,0.045612413829349545,0.008286944982174624,0.01102097439625804,0.0008688235242591738,0.16,2.8333333333333335,6.633333333333333,25.516666666666666,65.01666666666667,6.8500000000000005,325.1666666666667,55.315666666666665,0.0034017218130927176,0.0,0.062192829071874775,WV
49,Wisconsin,166131.2005988024,11776.438650306749,1099571.0898203594,156.16722408026754,2075788.9104477612,736.8196721311475,8800.918566775244,187.9049180327869,1152.182119205298,348.0,,160868.8916967509,152217.0,,,154636.92215568863,2038.3260073260074,129.64055299539172,2075788.9104477612,1576358.9015151516,,,,,,,,,,,55.0,1767.5820895522388,7485.373134328358,1262063.4597014925,18440.501492537314,1261924.0746268656,,19.20597014925373,72.53134328358209,0.0,0.0,0.0,0.0,0.0,,-17.480597014925372,-0.6925373134328359,110.8268656716418,-17.235820895522387,-25.907462686567165,9.226865671641791,9.902089552238806,2.4119402985074627,0.175,1.2716417910447761,0.5233644859813084,1.1671641791044776,0.5233644859813084,3.773134328358209,0.17757009345794392,0.9552238805970149,0.0,0.6388059701492538,0.9182389937106918,0.4716417910447761,0.8354430379746836,0.0,163484.38507462686,1810.1701492537313,43.957134328358215,45.46295522388051,46.6290447761193,5822434.0,305874.40000000136,3.29999999999998,64177.0,8.09999999999995,29.5,31.5,30.899999999999803,6.170000000000028,70.20000000000043,0.8704845860902429,0.07595534999528321,0.01785710982907764,0.03442826293443296,0.0012746911509598504,0.125,4.016666666666667,7.033333333333332,26.416666666666668,62.550000000000004,5.166666666666667,459.1666666666667,55.24516666666667,0.003298615346992981,0.012457220345233984,0.0958532548731151,WI
50,Wyoming,12389.238670694864,1981.9832775919733,75107.00931677019,0.0,179825.88130563797,62.358620689655176,386.9967845659164,,,,,11153.313099041534,179825.88130563797,11057.554896142434,168632.6350148368,10761.573619631901,,,,116705.37168141593,,,,,,,,,,,56.0,154.04154302670622,511.7418397626113,83932.62611275964,1884.2255192878338,83932.62611275964,,1.768545994065282,3.8100890207715135,0.0,0.0,0.0,0.0,0.0,,-6.673590504451038,8.87833827893175,93.31907894736842,13.270833333333334,-20.967359050445104,5.287833827893175,15.950445103857565,2.1750741839762613,0.47335423197492166,1.1335311572700297,0.9906832298136646,1.311572700296736,1.0,2.6973293768545994,0.9906542056074766,1.7566765578635015,0.0,0.14836795252225518,1.0,0.10682492581602374,1.0,0.21364985163204747,12164.99703264095,110.07715133531157,46.23077151335328,44.85089020771503,47.36632047477753,578759.0,39306.599999999766,3.5999999999999996,66152.0,7.099999999999955,26.89999999999983,37.29999999999983,28.700000000000003,5.5599999999999605,64.7999999999996,0.9245236206518255,0.019188509510708957,0.037171935391314824,0.016695640432749865,0.002420294013401056,0.11,9.433333333333334,12.183333333333332,29.416666666666668,48.98333333333333,10.899999999999999,134.83333333333334,48.37616666666667,0.003055755494195826,0.006583204789509128,0.08175324102654555,WY
