,state,wave,Avoiding contact with other people: Not at all closely,Avoiding contact with other people: Not very closely,Avoiding contact with other people: Somewhat closely,Avoiding contact with other people: Very closely,Avoiding contact with other people: Error Margin,Avoiding contact with other people: N,Avoiding public or crowded places: Not at all closely,Avoiding public or crowded places: Not very closely,Avoiding public or crowded places: Somewhat closely,Avoiding public or crowded places: Very closely,Avoiding public or crowded places: Error Margin,Avoiding public or crowded places: N,Frequently washing hands: Not at all closely,Frequently washing hands: Not very closely,Frequently washing hands: Somewhat closely,Frequently washing hands: Very closely,Frequently washing hands: Error Margin,Frequently washing hands: N,Disinfecting often: Not at all closely,Disinfecting often: Not very closely,Disinfecting often: Somewhat closely,Disinfecting often: Very closely,Disinfecting often: Error Margin,Disinfecting often: N,Wearing a face mask when outside of your home: Not at all closely,Wearing a face mask when outside of your home: Not very closely,Wearing a face mask when outside of your home: Somewhat closely,Wearing a face mask when outside of your home: Very closely,Wearing a face mask when outside of your home: Error Margin,Wearing a face mask when outside of your home: N
0,National,1,1.7,4.2,26.3,67.8,0.9,19393,1.5,3.5,19.8,75.3,0.8,19369,1.0,3.0,15.6,80.4,0.7,19358,2.9,9.2,26.8,61.2,0.9,19336,14.8,12.1,18.8,54.3,0.9,19344
1,AK,1,3.2,1.4,39.1,56.2,14.2,92,0.0,3.4,23.2,73.4,12.6,92,0.0,1.0,16.4,82.6,10.8,92,0.4,4.6,29.1,65.8,13.6,92,18.8,8.6,23.4,49.3,14.3,92
2,AL,1,1.3,3.8,28.0,67.0,5.4,418,0.8,5.2,17.5,76.5,4.9,416,1.1,2.7,15.4,80.8,4.5,418,2.0,7.2,23.4,67.4,5.4,417,14.7,14.0,20.9,50.4,5.8,416
3,AR,1,1.7,5.8,34.1,58.4,6.0,423,2.1,4.6,23.8,69.5,5.6,420,1.4,3.4,14.5,80.8,4.8,421,1.6,11.3,29.7,57.3,6.1,418,23.5,16.4,17.7,42.4,6.0,420
4,AZ,1,1.5,6.0,29.0,63.5,5.4,439,2.0,5.8,23.5,68.8,5.2,436,1.2,3.3,15.5,80.0,4.5,440,3.1,10.2,27.2,59.5,5.5,440,20.4,12.6,19.8,47.2,5.6,440
5,CA,1,2.0,3.2,21.0,73.8,4.4,716,2.2,2.5,17.6,77.7,4.2,718,2.0,3.2,15.1,79.8,4.1,715,4.4,11.5,26.3,57.7,5.0,709,6.8,6.9,15.0,71.3,4.6,715
6,CO,1,3.0,5.8,26.6,64.5,5.4,443,3.5,5.2,19.2,72.1,5.0,443,2.9,3.5,21.6,72.0,5.0,443,3.0,12.2,26.6,58.1,5.5,443,13.8,12.4,17.7,56.0,5.6,442
7,CT,1,0.8,2.2,22.8,74.1,5.4,323,0.5,2.0,17.1,80.4,4.9,322,0.0,3.9,15.3,80.8,4.9,322,2.6,12.1,21.2,64.2,6.0,320,9.2,9.3,17.3,64.2,6.0,320
8,DC,1,0.6,1.9,28.8,68.8,11.8,102,0.6,6.6,8.6,84.2,9.4,101,3.8,1.8,14.2,80.2,10.3,101,1.4,10.8,21.7,66.1,12.1,102,0.8,4.2,22.0,73.0,11.4,101
9,DE,1,0.8,2.7,25.8,70.8,7.0,303,1.1,3.0,16.5,79.4,6.2,303,0.6,2.6,17.3,79.5,6.2,302,1.9,8.8,26.5,62.7,7.4,302,10.2,9.5,19.4,60.9,7.5,302
10,FL,1,1.5,3.0,20.4,75.1,4.7,520,1.3,1.7,19.8,77.2,4.6,520,0.7,2.1,14.0,83.2,4.1,519,3.0,10.6,23.9,62.5,5.3,518,10.7,13.4,15.2,60.8,5.3,521
11,GA,1,1.4,2.6,26.9,69.1,5.0,460,1.5,3.3,18.8,76.4,4.6,459,0.9,3.6,12.5,83.1,4.0,459,2.7,6.5,28.2,62.6,5.2,456,15.0,11.9,17.0,56.1,5.3,457
12,HI,1,1.1,4.7,28.2,66.1,7.5,241,1.6,3.1,16.6,78.7,6.5,241,0.7,0.6,14.9,83.8,5.8,241,1.4,10.7,29.9,58.1,7.8,241,4.3,3.2,17.7,74.8,6.9,240
13,IA,1,3.1,3.5,34.8,58.5,5.6,434,2.1,3.6,24.4,70.0,5.2,428,2.1,4.6,19.1,74.2,4.9,430,4.5,13.3,30.9,51.3,5.6,431,23.0,18.5,23.7,34.8,5.4,432
14,ID,1,5.2,5.7,33.5,55.6,6.6,318,5.1,2.4,25.1,67.4,6.2,319,3.0,4.6,18.3,74.2,5.8,317,4.7,18.3,28.0,49.1,6.6,319,30.0,17.8,21.9,30.3,6.1,318
15,IL,1,1.6,5.3,26.9,66.1,5.4,468,0.5,5.6,19.1,74.8,4.9,469,0.5,2.2,15.3,82.1,4.3,468,3.6,8.2,24.8,63.4,5.5,468,15.4,13.6,19.4,51.6,5.7,468
16,IN,1,2.2,4.2,26.3,67.3,5.2,452,1.8,5.4,17.7,75.1,4.8,452,0.6,2.7,15.9,80.9,4.3,451,3.0,8.3,27.6,61.1,5.4,450,17.0,14.5,18.9,49.7,5.6,451
17,KS,1,1.0,2.8,30.5,65.7,5.8,443,1.4,1.5,23.8,73.2,5.5,440,0.5,2.0,13.7,83.8,4.5,440,1.7,6.1,37.5,54.8,6.1,440,21.6,12.8,18.9,46.6,6.1,440
18,KY,1,2.4,3.4,26.8,67.5,5.1,422,1.5,3.6,22.5,72.4,4.9,423,0.0,2.2,17.1,80.7,4.3,423,2.0,9.2,29.3,59.5,5.3,424,25.8,14.2,18.4,41.6,5.3,426
19,LA,1,1.2,3.6,31.9,63.4,6.0,415,1.8,2.8,24.1,71.3,5.6,416,0.9,3.6,16.5,79.0,5.1,414,3.6,5.0,26.4,65.0,5.9,415,21.6,11.1,20.6,46.8,6.2,414
20,MA,1,1.3,2.5,24.5,71.7,4.8,438,1.2,2.1,20.1,76.5,4.5,436,1.0,4.1,13.5,81.5,4.1,437,1.6,9.0,24.4,65.0,5.1,436,4.2,7.9,22.8,65.1,5.1,435
21,MD,1,1.4,1.7,23.3,73.7,5.6,368,1.0,1.3,13.8,83.8,4.7,367,1.0,2.8,15.8,80.4,5.1,365,3.0,6.7,26.7,63.6,6.2,366,7.3,5.7,15.9,71.1,5.8,368
22,ME,1,1.3,3.8,31.2,63.7,5.9,320,1.7,1.8,17.3,79.2,5.0,319,1.5,2.3,17.1,79.2,5.0,319,4.7,7.3,30.1,57.9,6.1,318,20.6,14.5,18.4,46.4,6.1,319
23,MI,1,2.2,2.8,19.4,75.6,4.5,476,1.6,3.1,14.9,80.5,4.1,477,0.8,2.3,16.5,80.4,4.1,478,1.9,10.2,29.2,58.6,5.1,478,12.7,8.7,20.2,58.5,5.1,478
24,MN,1,1.5,4.6,27.4,66.5,5.0,445,2.1,4.6,18.0,75.3,4.6,444,1.8,4.0,17.8,76.5,4.5,443,4.6,12.3,27.9,55.3,5.3,444,26.3,12.6,17.6,43.5,5.3,444
25,MO,1,3.2,5.6,32.9,58.3,5.4,423,3.3,4.2,20.1,72.3,4.9,425,2.8,2.2,15.5,79.6,4.4,424,5.1,9.0,25.5,60.4,5.3,425,22.5,16.0,17.5,44.1,5.4,423
26,MS,1,3.6,5.5,33.5,57.4,6.7,383,3.6,4.5,26.6,65.3,6.4,383,1.7,1.5,17.2,79.6,5.5,381,4.6,6.4,26.3,62.7,6.6,379,20.8,9.9,16.6,52.8,6.8,376
27,MT,1,0.6,7.4,41.1,50.9,7.7,214,0.3,4.6,30.0,65.1,7.3,214,1.7,6.0,22.8,69.5,7.1,212,3.1,12.4,30.8,53.6,7.6,214,25.6,21.3,21.0,32.1,7.2,213
28,NC,1,2.1,4.8,24.1,68.9,4.7,450,1.7,4.4,21.6,72.2,4.6,449,0.2,2.6,15.2,82.0,3.9,450,2.2,8.1,25.7,64.0,4.9,448,20.3,12.5,23.8,43.5,5.1,448
29,ND,1,6.8,5.2,40.1,47.8,11.1,165,2.0,4.8,30.9,62.3,10.8,165,1.2,1.8,27.0,70.0,10.2,165,2.0,11.1,39.6,47.4,11.1,165,20.1,28.5,24.3,27.1,10.0,165
30,NE,1,2.6,5.8,37.4,54.2,6.8,326,2.1,6.9,25.6,65.4,6.5,327,0.2,3.8,17.4,78.6,5.6,326,2.4,8.4,27.4,61.7,6.7,327,24.6,12.4,21.8,41.2,6.7,328
31,NH,1,1.4,4.4,27.1,67.1,6.1,352,1.3,1.1,20.3,77.3,5.5,349,0.1,2.2,15.9,81.8,5.0,351,3.1,8.3,34.4,54.3,6.5,351,13.0,9.9,23.1,54.0,6.5,352
32,NJ,1,1.6,1.4,19.0,78.0,4.5,470,1.2,1.7,13.5,83.5,4.0,474,0.0,2.4,14.7,82.9,4.0,474,2.9,8.5,21.0,67.6,5.0,474,2.6,5.5,13.7,78.2,4.4,474
33,NM,1,0.4,6.8,39.0,53.8,13.2,121,1.0,6.2,17.0,75.8,11.4,121,2.6,1.4,11.2,84.9,9.5,121,4.1,7.0,25.8,63.1,12.8,121,17.1,12.0,28.8,42.1,13.1,121
34,NV,1,2.2,3.5,27.1,67.2,5.8,433,1.1,4.2,16.3,78.3,5.1,434,0.9,2.2,10.4,86.5,4.2,433,2.0,7.9,29.9,60.1,6.1,433,17.4,14.7,13.1,54.8,6.1,434
35,NY,1,0.4,1.8,18.8,79.0,4.1,539,0.8,0.9,18.1,80.2,4.0,539,0.6,2.0,14.3,83.2,3.8,540,1.6,6.1,27.1,65.1,4.8,535,3.4,6.0,15.1,75.5,4.4,537
36,OH,1,1.1,4.0,24.9,70.1,4.6,471,1.5,2.8,20.6,75.1,4.3,469,1.4,2.9,14.0,81.7,3.8,471,3.7,7.7,24.8,63.8,4.8,468,20.5,15.1,19.9,44.5,4.9,472
37,OK,1,2.7,8.3,28.8,60.2,5.8,424,1.1,6.5,24.7,67.7,5.5,424,1.5,3.4,15.3,79.8,4.7,423,4.3,8.6,27.1,60.0,5.8,421,16.9,15.5,24.9,42.7,5.8,422
38,OR,1,0.6,5.8,29.5,64.1,5.2,443,1.3,2.0,17.9,78.7,4.4,442,0.9,3.7,16.3,79.1,4.4,443,3.0,10.3,30.0,56.7,5.3,443,17.1,15.1,19.1,48.6,5.4,443
39,PA,1,1.0,4.1,23.3,71.5,4.5,463,0.9,3.0,20.6,75.6,4.3,464,0.2,4.4,15.8,79.6,4.1,463,2.4,8.6,27.5,61.5,4.9,464,8.0,9.8,19.6,62.6,4.9,461
40,RI,1,0.8,1.7,22.8,74.7,6.3,296,0.9,2.7,19.2,77.2,6.1,296,2.1,5.4,17.2,75.3,6.2,295,4.6,12.2,24.9,58.3,7.1,295,6.1,5.9,16.2,71.9,6.5,293
41,SC,1,1.2,4.7,29.8,64.3,5.4,432,1.7,4.3,21.5,72.6,5.0,433,1.3,1.9,15.5,81.4,4.4,428,3.2,10.4,24.7,61.7,5.5,432,21.0,18.9,21.2,38.8,5.5,428
42,SD,1,0.8,4.5,38.8,55.8,9.5,180,0.4,4.2,25.6,69.8,8.8,180,0.9,1.2,24.4,73.6,8.5,178,2.3,11.6,30.3,55.7,9.6,179,21.5,19.3,32.2,27.0,9.0,180
43,TN,1,1.0,7.9,25.0,66.1,5.2,435,1.1,3.9,18.5,76.5,4.7,434,0.7,3.8,13.4,82.1,4.3,433,2.6,7.7,24.0,65.7,5.3,433,17.0,14.0,17.6,51.4,5.5,434
44,TX,1,1.2,2.5,26.7,69.6,5.0,534,0.3,3.3,19.2,77.2,4.6,533,0.6,2.6,13.8,83.0,4.1,533,1.1,7.6,22.3,69.0,5.1,527,10.2,10.0,21.6,58.2,5.4,531
45,UT,1,1.8,5.0,36.2,57.0,5.9,409,2.0,5.4,21.4,71.2,5.4,409,1.3,2.5,16.0,80.2,4.8,408,2.8,11.7,24.5,61.0,5.8,408,19.2,20.2,23.9,36.7,5.8,408
46,VA,1,0.9,5.0,21.7,72.4,4.7,466,0.4,3.8,20.9,74.9,4.5,464,0.1,2.9,14.7,82.2,4.0,467,1.8,9.3,25.1,63.8,5.0,466,14.4,12.0,19.6,54.0,5.2,463
47,VT,1,0.8,2.4,22.2,74.7,7.8,176,0.0,2.7,16.4,81.0,7.1,174,3.9,1.0,15.8,79.4,7.3,176,4.9,8.3,22.5,64.3,8.6,176,15.3,8.8,17.0,58.9,8.9,175
48,WA,1,1.0,5.2,25.6,68.2,5.8,368,1.3,4.8,19.9,74.0,5.5,367,0.6,2.6,18.8,78.0,5.2,367,2.7,12.9,31.7,52.7,6.2,367,21.3,13.5,21.4,43.8,6.2,367
49,WI,1,1.6,4.9,31.3,62.3,5.2,434,1.3,4.1,22.0,72.5,4.8,432,1.0,2.3,20.8,76.0,4.6,432,3.5,12.5,29.8,54.2,5.4,432,22.8,19.2,19.7,38.3,5.2,433
50,WV,1,5.0,3.6,24.2,67.2,5.9,362,2.7,3.7,18.2,75.4,5.4,362,1.3,3.6,13.3,81.8,4.9,361,4.6,8.4,26.7,60.4,6.2,361,16.1,16.4,15.6,51.9,6.3,359
51,WY,1,3.2,12.6,33.3,50.8,11.0,145,6.3,4.5,28.6,60.6,10.7,145,1.0,7.8,18.4,72.8,9.8,145,4.0,14.5,28.7,52.8,11.0,145,30.9,19.9,17.7,31.4,10.2,145
52,National,2,2.5,5.3,29.9,62.4,0.9,20210,2.3,4.5,21.3,71.9,0.8,20201,1.2,3.2,17.6,78.0,0.7,20199,3.2,9.8,28.5,58.5,0.9,20184,10.2,9.2,19.0,61.5,0.9,20147
53,AK,2,0.6,7.5,42.5,49.5,10.4,134,2.1,4.9,27.0,66.1,9.8,135,1.1,7.2,14.3,77.3,8.7,135,3.0,9.1,29.1,58.9,10.2,135,11.0,9.3,21.4,58.3,10.2,135
54,AL,2,3.8,5.1,31.8,59.3,6.3,381,3.9,3.5,22.4,70.3,5.9,383,1.4,3.0,15.8,79.8,5.1,383,3.1,8.1,24.6,64.2,6.2,382,10.3,15.9,19.1,54.6,6.4,382
55,AR,2,3.4,8.8,40.6,47.3,7.1,365,4.1,6.9,28.2,60.8,7.0,365,0.6,4.1,23.5,71.8,6.5,363,3.8,12.1,31.9,52.2,7.2,365,20.9,15.9,22.4,40.7,7.1,362
56,AZ,2,2.5,6.4,32.3,58.8,7.4,316,2.8,3.7,26.3,67.2,7.1,318,2.7,3.1,16.5,77.7,6.3,318,6.1,13.4,25.9,54.6,7.5,316,17.3,9.7,22.0,51.0,7.6,315
57,CA,2,1.3,4.6,22.9,71.2,4.1,729,0.7,4.3,16.9,78.1,3.7,729,1.1,2.6,17.2,79.0,3.7,728,2.9,9.8,29.4,57.9,4.5,724,3.0,5.4,16.5,75.2,3.9,725
58,CO,2,2.0,10.3,33.5,54.2,6.3,387,2.2,6.3,28.2,63.2,6.1,388,1.7,7.0,17.6,73.7,5.5,387,5.2,11.6,26.1,57.1,6.2,388,9.5,10.4,19.5,60.6,6.1,388
59,CT,2,2.0,1.9,27.7,68.4,6.0,358,1.4,4.3,18.7,75.7,5.6,356,0.5,1.0,13.7,84.8,4.7,358,1.9,10.3,24.3,63.4,6.3,356,2.8,2.7,15.2,79.4,5.3,355
60,DC,2,1.6,3.9,22.9,71.6,9.3,167,0.8,1.2,14.9,83.0,7.8,166,0.4,0.7,15.2,83.7,7.6,167,1.5,7.7,24.0,66.8,9.7,167,1.2,1.8,16.8,80.2,8.3,167
61,DE,2,1.1,3.3,29.5,66.1,6.1,340,1.0,2.5,17.0,79.5,5.2,338,0.4,1.5,17.0,81.1,5.1,336,1.5,8.5,25.3,64.7,6.2,337,0.9,0.7,12.8,85.6,4.6,337
62,FL,2,1.6,4.2,27.0,67.2,4.2,663,1.8,4.3,18.6,75.3,3.8,664,0.0,4.7,16.7,78.6,3.7,665,3.1,10.2,24.8,62.0,4.3,662,7.8,9.6,19.6,63.0,4.3,661
63,GA,2,3.1,4.4,23.2,69.3,5.1,493,3.0,2.0,17.6,77.4,4.6,493,1.5,2.0,17.6,79.0,4.5,495,3.0,4.3,26.0,66.6,5.2,491,10.6,9.3,14.7,65.4,5.2,494
64,HI,2,4.6,7.2,35.5,52.8,8.9,215,6.2,5.3,21.4,67.2,8.4,214,0.6,4.6,17.6,77.2,7.5,216,5.8,12.3,31.1,50.8,8.9,215,4.3,3.1,18.3,74.2,7.8,216
65,IA,2,2.0,5.5,42.5,50.1,6.0,389,1.6,4.1,28.6,65.8,5.7,387,1.7,6.5,21.9,70.0,5.5,385,4.7,15.5,33.1,46.7,6.0,386,17.9,18.2,22.6,41.2,5.9,387
66,ID,2,4.4,6.7,40.1,48.8,6.4,358,4.1,5.6,27.8,62.5,6.2,359,0.5,3.2,23.2,73.0,5.7,358,4.8,11.8,36.1,47.3,6.4,359,20.3,21.1,20.0,38.6,6.3,357
67,IL,2,3.5,6.0,25.4,65.2,4.7,532,2.8,6.5,20.0,70.7,4.5,529,0.9,3.6,22.0,73.5,4.4,531,5.3,11.9,30.2,52.6,4.9,529,5.9,6.2,21.8,66.2,4.7,531
68,IN,2,2.6,6.6,32.4,58.4,5.7,445,3.6,4.6,21.8,70.0,5.3,444,1.0,3.3,19.4,76.3,4.9,442,2.9,10.4,34.6,52.0,5.8,445,12.1,9.9,23.9,54.0,5.7,445
69,KS,2,3.5,5.0,33.1,58.3,5.9,442,2.2,5.2,25.0,67.5,5.6,438,0.7,4.0,19.7,75.6,5.1,442,4.1,9.5,23.5,62.9,5.8,439,17.6,14.5,20.4,47.5,6.0,437
70,KY,2,2.9,2.6,31.4,63.1,5.7,400,2.6,2.1,19.5,75.8,5.1,398,1.3,2.5,21.8,74.5,5.1,399,3.1,8.8,31.5,56.7,5.8,400,13.6,11.6,23.4,51.4,5.9,396
71,LA,2,3.6,5.3,26.2,64.9,6.5,389,2.2,3.7,19.6,74.5,5.9,390,2.7,3.3,14.0,80.0,5.5,388,3.6,10.1,22.6,63.6,6.6,387,20.5,9.7,16.9,52.9,6.8,385
72,MA,2,0.9,2.2,26.7,70.1,4.6,473,1.3,3.2,16.2,79.2,4.1,471,1.3,1.8,17.7,79.3,4.1,471,2.6,6.2,26.2,65.0,4.8,470,1.8,5.4,15.2,77.7,4.2,469
73,MD,2,0.4,2.7,22.6,74.2,5.1,400,0.2,2.5,16.5,80.8,4.6,400,1.9,3.3,15.3,79.6,4.7,400,2.0,11.2,25.9,60.9,5.7,400,1.4,2.3,14.9,81.4,4.5,398
74,ME,2,2.5,3.6,29.0,64.9,5.5,371,2.9,3.1,18.6,75.4,5.0,371,1.4,3.4,15.5,79.6,4.6,371,2.9,6.8,31.5,58.7,5.7,370,9.5,7.4,17.2,65.9,5.5,370
75,MI,2,2.0,5.2,27.4,65.5,4.7,526,1.2,3.1,23.1,72.6,4.4,523,2.1,2.9,15.3,79.7,4.0,525,2.7,10.8,31.9,54.6,4.9,524,7.3,7.0,17.7,68.1,4.6,523
76,MN,2,2.8,5.9,33.8,57.5,5.8,418,2.5,4.6,23.8,69.1,5.4,420,1.2,6.2,22.1,70.4,5.4,417,7.5,11.8,35.0,45.8,5.8,417,20.5,10.3,24.9,44.3,5.8,420
77,MO,2,2.5,8.4,32.8,56.3,5.1,475,3.4,5.2,23.8,67.7,4.8,478,1.2,5.7,18.7,74.5,4.5,476,2.8,11.6,31.3,54.3,5.1,477,15.6,12.8,20.8,50.9,5.1,476
78,MS,2,3.3,5.9,34.0,56.9,7.3,347,3.5,3.3,24.2,69.0,6.9,342,1.4,1.9,15.0,81.7,5.7,346,1.8,11.3,27.0,59.9,7.2,347,14.0,15.9,13.6,56.5,7.3,347
79,MT,2,1.9,6.3,46.8,44.9,7.6,255,2.1,6.9,28.6,62.4,7.3,256,2.8,2.1,21.2,73.9,6.7,256,4.8,9.8,35.7,49.7,7.6,254,22.0,18.0,25.9,34.1,7.2,253
80,NC,2,4.0,7.8,32.9,55.4,5.0,522,4.0,5.8,22.7,67.5,4.7,523,3.0,3.9,18.8,74.3,4.4,521,2.6,9.8,29.6,58.0,4.9,522,15.6,12.4,16.7,55.3,5.0,519
81,ND,2,4.5,11.9,38.8,44.8,8.6,210,4.2,7.1,27.2,61.4,8.4,210,3.5,4.2,20.9,71.5,7.8,211,5.2,12.6,36.5,45.8,8.6,211,24.5,17.4,21.6,36.5,8.3,210
82,NE,2,4.0,8.5,35.1,52.5,7.7,262,3.0,5.3,24.0,67.6,7.1,263,1.3,3.5,20.4,74.8,6.6,262,3.4,10.5,33.6,52.5,7.6,262,16.6,14.5,27.0,41.9,7.5,262
83,NH,2,2.2,4.2,30.5,63.1,5.5,369,2.8,4.4,19.5,73.3,5.1,370,1.4,2.0,17.1,79.5,4.6,368,2.2,9.7,32.6,55.5,5.7,369,9.9,8.8,22.6,58.7,5.7,369
84,NJ,2,2.0,4.9,24.9,68.2,4.5,540,2.5,2.5,19.0,76.0,4.1,541,0.8,2.8,15.2,81.2,3.8,539,2.4,9.7,23.5,64.4,4.6,540,2.4,2.0,15.6,80.0,3.9,539
85,NM,2,1.7,10.6,36.1,51.5,10.5,209,3.8,7.9,21.6,66.7,9.9,210,3.8,0.5,24.7,71.0,9.5,211,3.5,12.4,31.1,53.0,10.4,211,9.1,14.2,24.2,52.5,10.5,206
86,NV,2,2.7,7.2,28.3,61.8,6.0,397,2.3,6.1,21.8,69.7,5.7,395,1.4,2.0,15.7,80.9,4.8,396,3.5,8.4,25.3,62.9,6.0,394,10.2,10.0,18.7,61.1,6.0,396
87,NY,2,2.0,1.7,21.8,74.5,4.0,622,1.6,2.3,19.9,76.3,3.9,622,0.7,2.6,15.1,81.7,3.5,620,2.4,7.5,24.6,65.5,4.3,620,1.3,2.3,14.1,82.3,3.5,618
88,OH,2,3.2,4.8,33.0,58.9,4.7,529,2.4,4.5,19.5,73.6,4.3,527,1.2,3.3,16.9,78.5,4.0,529,3.3,11.6,28.9,56.2,4.8,529,12.0,12.8,22.1,53.2,4.8,527
89,OK,2,3.4,8.8,32.7,55.0,7.4,329,2.4,5.8,26.9,65.0,7.0,329,1.5,5.3,22.4,70.8,6.7,331,5.2,12.1,24.4,58.3,7.3,331,14.9,17.2,20.7,47.2,7.4,331
90,OR,2,3.5,6.1,32.0,58.4,5.4,407,2.4,5.5,27.6,64.5,5.3,410,1.2,3.5,19.7,75.6,4.7,409,4.9,12.5,29.5,53.1,5.5,410,19.9,13.0,21.6,45.6,5.5,410
91,PA,2,1.8,5.3,25.6,67.4,4.3,563,1.1,5.7,18.8,74.5,4.0,562,0.4,3.9,16.0,79.7,3.7,562,3.2,8.2,26.3,62.3,4.5,562,3.4,3.6,16.8,76.2,3.9,561
92,RI,2,1.2,4.2,19.2,75.4,5.8,317,1.1,2.0,14.3,82.6,5.1,316,0.3,3.8,14.7,81.2,5.2,316,0.0,9.0,26.8,64.2,6.4,317,1.0,1.1,16.0,81.9,5.2,315
93,SC,2,3.0,7.2,35.4,54.5,6.2,418,3.2,6.9,21.0,69.0,5.7,422,1.6,2.8,18.7,76.9,5.2,422,3.3,12.6,27.8,56.3,6.1,422,15.4,16.8,18.2,49.6,6.1,423
94,SD,2,3.3,7.5,40.5,48.7,8.1,228,3.8,3.9,27.9,64.3,7.7,230,0.0,6.4,28.2,65.3,7.7,229,5.6,11.8,35.4,47.2,8.1,228,20.4,21.2,20.1,38.3,7.8,228
95,TN,2,2.6,6.4,30.9,60.1,5.5,454,2.6,4.8,23.8,68.7,5.2,452,1.0,3.2,18.5,77.3,4.7,453,1.5,8.7,27.5,62.3,5.4,454,16.5,10.2,21.2,52.1,5.6,451
96,TX,2,1.1,3.3,29.5,66.0,5.1,582,1.1,3.1,22.9,72.9,4.8,582,0.8,3.6,18.3,77.3,4.5,580,2.2,8.3,30.2,59.3,5.3,580,10.8,7.0,19.6,62.6,5.3,576
97,UT,2,2.9,6.6,38.6,52.0,7.1,310,2.4,7.0,27.4,63.1,6.9,312,2.8,1.6,17.0,78.6,5.9,309,5.0,11.1,27.3,56.5,7.1,311,19.9,8.9,28.1,43.1,7.1,311
98,VA,2,1.3,4.4,31.9,62.4,4.7,510,2.0,2.9,22.7,72.4,4.3,511,1.6,2.3,15.1,81.0,3.8,510,2.9,8.5,29.3,59.3,4.7,511,10.7,7.9,23.1,58.3,4.8,507
99,VT,2,0.7,4.3,31.1,64.0,7.4,241,1.4,5.4,21.7,71.6,7.0,239,0.9,1.6,27.0,70.4,7.0,241,3.0,14.8,26.3,55.9,7.7,241,5.9,9.8,17.9,66.5,7.3,241
100,WA,2,3.0,2.6,30.5,63.9,5.3,434,1.8,3.0,20.2,75.1,4.8,434,1.3,2.9,17.1,78.6,4.5,435,3.6,11.3,32.6,52.5,5.5,431,13.5,9.7,23.9,52.9,5.5,432
101,WI,2,3.3,5.9,34.8,56.0,4.9,549,1.8,6.2,21.3,70.8,4.5,547,0.8,3.0,20.2,76.0,4.3,549,4.6,10.3,31.1,53.9,5.0,546,15.7,12.9,23.7,47.6,5.0,547
102,WV,2,2.0,3.7,33.6,60.6,6.6,326,1.5,3.8,21.4,73.3,6.0,325,0.8,4.2,13.8,81.2,5.3,324,4.2,8.0,25.4,62.4,6.5,326,12.3,12.5,19.8,55.4,6.7,323
103,WY,2,10.4,10.2,40.4,39.0,12.5,114,6.8,9.0,35.3,48.9,12.7,114,4.6,2.5,15.5,77.5,10.6,114,6.6,13.6,26.6,53.2,12.7,114,36.5,19.8,18.1,25.7,12.2,114
104,National,3,3.1,7.3,32.4,57.2,0.9,17999,2.7,5.7,23.5,68.1,0.9,17967,1.4,3.8,18.4,76.4,0.8,17968,4.1,11.3,28.9,55.7,0.9,17958,8.7,8.4,19.3,63.5,0.9,17932
105,AK,3,5.4,13.8,49.7,31.1,13.1,104,5.4,19.8,26.9,47.8,13.1,104,0.6,7.8,26.6,65.0,12.5,104,8.9,12.8,39.5,38.8,12.9,103,14.1,7.0,26.1,52.8,13.1,104
106,AL,3,3.7,5.7,39.4,51.2,7.0,354,5.3,5.8,27.7,61.3,6.8,354,1.5,4.8,16.2,77.5,5.9,353,3.5,12.7,28.0,55.8,7.0,352,14.2,10.8,26.1,48.9,7.0,351
107,AR,3,6.8,13.0,39.9,40.3,7.2,297,5.3,12.9,30.4,51.4,7.3,296,1.5,6.8,21.3,70.4,6.7,296,4.8,15.3,27.6,52.2,7.3,296,16.0,12.9,25.7,45.3,7.3,297
108,AZ,3,4.1,8.0,34.0,53.9,5.5,477,3.4,5.0,24.1,67.5,5.2,477,2.2,3.2,16.4,78.1,4.6,475,5.8,12.1,27.8,54.3,5.5,475,14.3,12.0,19.4,54.3,5.5,475
109,CA,3,2.8,3.7,29.1,64.3,4.0,867,1.7,4.9,21.0,72.3,3.8,864,2.1,4.0,16.8,77.1,3.5,868,4.5,11.5,26.5,57.5,4.2,866,4.0,3.0,18.5,74.5,3.7,864
110,CO,3,1.9,9.6,34.0,54.5,5.9,388,3.3,6.9,24.4,65.4,5.6,389,2.2,6.1,22.4,69.3,5.4,388,8.8,15.4,29.1,46.6,5.9,385,8.0,5.2,23.2,63.6,5.7,383
111,CT,3,1.6,7.8,28.9,61.7,8.3,242,1.5,2.6,21.3,74.6,7.5,242,1.2,2.7,16.4,79.8,6.9,242,5.5,10.5,21.2,62.9,8.3,242,0.9,3.2,15.1,80.8,6.8,241
112,DC,3,1.5,1.4,28.1,69.0,11.6,119,0.0,1.4,24.6,74.1,10.9,119,0.0,2.8,16.6,80.6,9.9,119,0.0,12.5,28.3,59.3,12.3,119,1.8,1.8,17.5,78.9,10.2,118
113,DE,3,2.3,2.5,24.5,70.7,6.8,261,3.6,1.9,17.3,77.2,6.3,258,0.7,2.1,10.3,86.9,5.0,260,1.6,7.4,28.6,62.4,7.3,258,1.4,6.5,10.6,81.4,5.8,257
114,FL,3,2.8,9.0,29.4,58.8,4.8,605,3.0,5.7,23.2,68.1,4.5,603,0.7,3.2,19.1,77.0,4.1,602,3.0,10.3,30.3,56.4,4.8,606,8.1,6.5,16.6,68.8,4.5,606
115,GA,3,3.3,8.2,31.5,57.1,5.8,430,1.3,6.0,26.8,65.9,5.6,428,1.9,2.6,20.3,75.2,5.1,429,4.0,9.3,26.4,60.4,5.7,427,10.2,8.1,21.9,59.8,5.8,427
116,HI,3,3.0,5.9,33.3,57.8,7.7,272,4.5,4.1,26.1,65.3,7.4,271,0.8,3.5,17.7,78.0,6.5,272,3.8,14.4,30.7,51.1,7.8,272,3.3,1.8,16.4,78.5,6.4,271
117,IA,3,4.8,11.4,40.0,43.7,7.4,243,3.0,8.0,27.0,62.0,7.3,241,1.6,6.2,23.7,68.5,7.0,240,5.2,20.4,36.9,37.6,7.2,243,14.1,16.0,26.5,43.5,7.4,242
118,ID,3,7.0,13.4,38.2,41.5,6.0,367,5.9,12.4,31.7,50.0,6.1,367,2.1,2.8,22.5,72.7,5.5,365,5.0,16.0,30.3,48.7,6.2,364,23.9,16.2,23.3,36.6,5.9,367
119,IL,3,3.7,7.2,30.1,59.0,4.6,517,3.0,4.9,22.9,69.2,4.3,517,1.8,3.6,17.9,76.7,4.0,516,5.4,9.3,35.2,50.1,4.7,516,2.8,6.3,15.1,75.7,4.1,514
120,IN,3,5.7,9.0,36.6,48.7,6.1,376,3.9,6.8,28.0,61.2,6.0,376,1.4,5.9,23.0,69.7,5.7,375,5.9,12.5,28.5,53.1,6.1,378,13.2,12.1,18.7,56.0,6.1,377
121,KS,3,4.0,8.3,33.2,54.4,7.7,237,3.3,6.2,21.9,68.6,7.2,237,0.6,5.3,17.1,76.9,6.5,237,4.7,13.7,25.1,56.6,7.7,237,14.2,15.4,21.1,49.3,7.7,237
122,KY,3,1.7,6.2,45.5,46.6,6.8,331,2.9,6.0,25.9,65.2,6.5,331,0.1,7.8,18.7,73.4,6.0,331,3.3,18.3,24.8,53.6,6.8,330,8.8,12.5,23.0,55.8,6.8,328
123,LA,3,3.6,8.4,31.5,56.6,6.7,359,3.2,5.0,22.0,69.7,6.3,357,1.4,2.9,19.3,76.5,5.8,358,3.7,10.8,23.6,61.9,6.6,358,12.3,6.5,21.2,59.9,6.7,356
124,MA,3,0.9,5.7,28.6,64.8,5.2,434,1.2,4.7,24.3,69.8,5.0,434,0.5,2.6,19.9,77.0,4.6,434,4.2,11.0,27.7,57.2,5.4,435,0.8,3.6,14.1,81.5,4.2,432
125,MD,3,0.5,3.5,28.9,67.0,5.7,397,0.5,3.2,14.5,81.8,4.7,396,0.6,3.2,19.2,77.0,5.1,396,1.2,10.2,30.7,57.9,6.0,393,1.3,5.6,14.7,78.4,5.0,392
126,ME,3,2.4,7.8,32.2,57.6,5.7,367,2.4,5.1,20.2,72.3,5.2,366,1.8,6.2,19.9,72.1,5.2,367,3.8,12.7,31.3,52.2,5.8,366,10.0,9.3,22.5,58.2,5.8,363
127,MI,3,2.8,5.4,30.6,61.2,5.2,478,2.4,4.4,21.7,71.6,4.8,477,0.8,1.8,20.2,77.2,4.4,479,3.0,11.0,34.4,51.6,5.3,479,4.1,6.1,19.1,70.7,4.8,479
128,MN,3,3.3,6.0,40.0,50.7,6.6,336,3.1,4.9,27.8,64.2,6.3,337,2.3,5.9,21.9,70.0,6.0,336,8.0,16.9,35.1,40.1,6.4,336,13.5,12.1,26.7,47.7,6.6,333
129,MO,3,4.9,6.9,35.4,52.7,5.6,450,4.5,4.5,25.1,65.8,5.3,450,2.5,3.1,20.0,74.4,4.9,449,3.9,15.7,29.9,50.5,5.6,450,15.8,11.7,18.7,53.8,5.5,450
130,MS,3,3.3,6.3,36.2,54.2,9.2,230,3.1,5.1,24.5,67.3,8.7,228,3.1,4.3,15.1,77.5,7.7,228,4.2,11.8,21.1,62.9,8.9,229,12.9,8.9,16.4,61.7,9.0,228
131,MT,3,5.2,11.2,49.9,33.7,11.5,129,10.0,5.5,29.9,54.6,11.5,129,7.1,5.0,23.9,64.0,11.1,129,14.7,14.5,34.2,36.6,11.1,129,26.4,14.6,29.2,29.9,10.6,129
132,NC,3,2.2,8.6,30.6,58.6,5.3,507,2.4,5.8,23.9,67.9,5.1,507,0.7,2.7,14.2,82.4,4.1,507,3.8,11.2,23.9,61.1,5.3,508,12.3,9.3,23.6,54.8,5.4,506
133,ND,3,2.8,13.8,34.3,49.2,9.2,210,2.1,8.2,35.4,54.2,9.2,210,1.2,8.1,18.6,72.2,8.3,210,3.2,19.0,28.8,49.0,9.2,210,20.2,18.2,24.9,36.8,8.9,210
134,NE,3,5.1,6.6,37.8,50.5,10.0,159,3.9,5.8,23.2,67.2,9.4,158,2.0,3.8,23.7,70.5,9.1,158,5.0,8.6,25.9,60.5,9.8,158,13.4,10.1,18.4,58.1,9.9,157
135,NH,3,3.2,4.7,31.1,61.0,5.9,351,2.3,3.0,19.0,75.6,5.2,349,1.4,5.3,15.5,77.7,5.0,350,4.0,11.3,26.9,57.8,6.0,347,6.9,4.7,22.1,66.3,5.7,351
136,NJ,3,1.8,4.1,30.8,63.4,4.6,525,2.0,3.4,21.1,73.5,4.2,524,1.6,1.9,16.4,80.2,3.8,526,2.9,8.9,28.7,59.5,4.7,524,1.1,3.5,17.6,77.9,4.0,525
137,NM,3,4.1,4.9,37.6,53.4,11.3,162,1.4,10.2,22.2,66.2,10.6,163,1.0,7.0,17.9,74.2,9.9,162,5.3,6.3,34.0,54.3,11.2,163,4.8,12.0,20.3,63.0,10.9,163
138,NV,3,3.3,9.3,29.9,57.5,7.5,279,2.4,4.3,24.7,68.5,7.0,279,0.6,3.3,15.0,81.1,5.9,281,2.7,8.8,27.9,60.7,7.4,280,10.0,7.4,14.5,68.2,7.0,281
139,NY,3,1.4,5.8,24.3,68.4,4.4,616,1.9,3.9,22.4,71.8,4.3,615,0.9,5.2,14.9,79.0,3.9,615,3.1,10.2,25.9,60.8,4.6,613,1.4,4.0,14.0,80.6,3.8,614
140,OH,3,4.8,7.3,38.6,49.4,5.2,478,4.9,7.7,25.2,62.3,5.1,478,2.4,4.7,18.6,74.3,4.6,476,5.5,9.4,36.6,48.5,5.3,477,11.4,9.3,19.9,59.4,5.2,477
141,OK,3,4.8,12.0,36.6,46.6,7.4,285,5.1,8.2,25.2,61.5,7.2,284,2.1,3.1,20.1,74.7,6.4,283,4.8,8.6,34.3,52.4,7.4,282,20.3,9.4,24.6,45.7,7.4,285
142,OR,3,4.9,7.5,38.1,49.5,5.5,412,3.9,7.8,25.6,62.8,5.3,411,0.4,4.3,24.6,70.7,5.0,412,6.0,11.2,31.4,51.5,5.5,412,14.7,11.1,21.9,52.3,5.5,410
143,PA,3,2.8,7.0,32.8,57.3,4.5,542,2.2,6.4,21.1,70.2,4.2,538,0.5,4.1,21.4,74.1,4.0,538,3.6,12.9,30.2,53.3,4.6,540,1.9,3.9,19.2,75.0,4.0,540
144,RI,3,0.5,3.6,29.9,66.0,8.8,174,0.4,2.0,14.5,83.2,7.0,175,0.4,2.3,15.4,81.9,7.1,176,2.9,10.7,19.8,66.6,8.7,176,1.1,1.7,14.7,82.5,7.0,176
145,SC,3,3.6,8.7,40.4,47.3,6.3,346,2.5,5.7,30.9,60.9,6.2,345,1.0,3.9,15.6,79.5,5.2,341,4.1,10.4,26.2,59.2,6.2,345,14.2,13.6,25.3,46.9,6.4,344
146,SD,3,2.8,11.8,37.5,47.8,9.0,178,2.0,9.9,28.2,59.9,8.8,178,2.6,6.0,33.6,57.7,8.9,178,7.5,21.0,25.1,46.4,9.0,178,19.3,20.3,20.9,39.5,8.9,176
147,TN,3,2.8,8.3,30.1,58.8,5.7,390,3.6,5.9,29.3,61.2,5.7,390,0.7,3.2,16.4,79.7,4.7,390,2.0,7.3,29.1,61.6,5.7,388,10.7,13.7,23.4,52.3,5.8,389
148,TX,3,1.6,6.2,33.1,59.0,4.9,619,1.3,5.2,24.0,69.5,4.6,618,0.8,4.1,16.4,78.6,4.1,619,3.8,10.1,28.7,57.5,4.9,617,7.2,8.5,17.0,67.3,4.7,618
149,UT,3,0.6,12.3,34.3,52.9,8.1,273,1.6,9.2,27.3,61.8,8.0,270,0.4,3.6,16.7,79.3,6.6,271,1.6,14.8,30.9,52.8,8.2,271,9.6,17.1,28.5,44.8,8.2,271
150,VA,3,2.0,4.6,35.2,58.2,5.1,453,1.8,5.5,21.9,70.8,4.7,455,1.2,1.6,20.6,76.6,4.4,454,3.5,10.2,25.5,60.8,5.0,454,6.6,8.0,14.1,71.3,4.7,451
151,VT,3,2.8,4.9,29.0,63.2,8.7,162,1.7,4.4,17.8,76.1,7.6,163,2.9,2.4,16.0,78.7,7.3,163,4.9,10.1,30.2,54.8,8.9,163,8.9,3.4,22.7,65.0,8.5,163
152,WA,3,2.5,7.0,31.9,58.7,5.0,490,2.6,6.1,24.0,67.2,4.8,489,1.9,3.9,19.3,74.9,4.4,491,4.2,13.1,29.9,52.8,5.1,491,13.7,10.2,21.4,54.7,5.1,488
153,WI,3,3.0,10.4,39.6,47.0,5.9,418,2.1,6.6,27.4,63.8,5.6,418,1.6,3.9,25.5,69.0,5.4,418,5.8,11.5,34.8,47.8,5.9,415,15.5,14.5,23.7,46.4,5.8,417
154,WV,3,5.6,9.8,40.1,44.5,9.3,196,4.7,4.1,28.0,63.2,9.0,195,1.5,4.2,16.6,77.7,7.8,194,5.2,6.8,27.9,60.1,9.2,195,11.4,12.8,27.6,48.2,9.4,192
155,WY,3,9.4,13.2,37.2,40.2,11.0,107,11.6,10.0,27.9,50.5,11.2,107,8.5,1.5,20.3,69.7,10.3,107,10.9,20.6,27.4,41.1,11.0,107,26.0,12.3,23.6,38.1,10.9,107
156,National,5,4.5,10.0,36.3,49.2,0.8,22393,4.2,8.6,27.3,59.9,0.8,22352,1.7,4.5,19.9,74.0,0.7,22344,4.4,11.9,29.1,54.6,0.8,22339,8.0,8.3,19.2,64.5,0.8,22314
157,AK,5,3.8,16.6,33.4,46.2,10.8,167,2.8,14.7,29.8,52.8,10.8,167,2.6,4.8,26.0,66.7,10.3,165,8.7,14.8,26.1,50.4,11.0,164,5.1,12.3,22.7,59.9,10.7,166
158,AL,5,4.4,9.6,38.0,48.0,6.1,410,4.9,9.0,30.1,56.0,6.0,411,1.7,5.6,15.9,76.8,5.1,410,3.2,10.5,25.6,60.7,5.9,411,9.1,13.5,18.4,59.0,6.0,410
159,AR,5,5.6,9.8,41.4,43.3,6.9,382,3.7,10.7,36.0,49.6,7.0,381,2.1,6.2,22.2,69.5,6.4,380,5.7,14.4,28.3,51.6,7.0,381,13.1,10.3,21.5,55.1,6.9,381
160,AZ,5,3.5,11.2,35.1,50.2,5.3,595,3.9,8.5,29.5,58.2,5.3,594,1.9,4.8,17.2,76.1,4.5,595,3.7,12.3,31.7,52.3,5.3,596,7.5,10.4,19.3,62.8,5.2,592
161,CA,5,4.1,5.1,31.8,59.0,4.2,844,3.6,6.9,21.8,67.7,4.0,843,0.9,2.6,19.7,76.8,3.6,841,4.1,9.5,28.3,58.1,4.2,842,3.0,4.6,16.6,75.9,3.7,838
162,CO,5,10.0,12.0,33.3,44.7,5.8,480,8.9,8.1,30.9,52.1,5.8,482,5.3,4.2,24.4,66.1,5.5,482,8.2,10.9,31.9,49.1,5.8,481,9.9,8.1,16.7,65.3,5.5,481
163,CT,5,3.1,9.9,39.8,47.3,6.0,418,3.3,8.3,25.3,63.0,5.8,417,0.7,5.1,17.6,76.6,5.1,417,2.6,13.8,28.9,54.8,6.0,418,1.3,2.7,15.6,80.4,4.8,417
164,DC,5,0.4,7.1,30.3,62.2,6.4,302,0.9,7.8,19.8,71.5,6.0,302,0.0,3.3,15.3,81.4,5.2,301,1.9,9.3,25.4,63.4,6.4,299,0.7,2.1,11.1,86.2,4.6,300
165,DE,5,1.2,8.8,36.4,53.6,6.4,354,0.8,6.1,25.6,67.5,6.0,352,0.0,4.8,19.8,75.4,5.5,354,3.3,9.0,23.5,64.2,6.2,352,0.6,3.4,12.6,83.5,4.8,352
166,FL,5,3.7,8.0,35.2,53.0,4.4,840,3.9,6.0,26.4,63.7,4.2,834,2.1,4.8,19.8,73.2,3.9,839,3.3,11.5,26.5,58.7,4.4,833,6.4,8.2,20.2,65.3,4.2,838
167,GA,5,4.7,10.8,38.9,45.5,5.5,498,5.2,9.7,28.0,57.1,5.5,498,0.6,3.1,21.9,74.3,4.9,497,4.8,7.2,32.1,55.8,5.5,496,9.9,9.4,17.7,62.9,5.3,497
168,HI,5,2.7,12.4,41.6,43.2,6.2,450,3.1,8.4,34.6,54.0,6.3,449,0.3,3.6,19.1,77.0,5.3,449,5.5,16.3,23.2,55.0,6.2,450,1.9,1.5,10.8,85.8,4.4,449
169,IA,5,4.6,12.6,39.1,43.7,6.2,414,4.4,11.7,25.9,58.0,6.1,414,1.5,4.8,25.1,68.7,5.8,413,3.7,16.1,30.2,50.0,6.2,413,12.0,12.0,24.6,51.4,6.2,413
170,ID,5,8.5,19.7,36.0,35.8,6.1,356,7.9,13.1,33.9,45.0,6.4,353,4.2,3.8,22.5,69.5,5.9,356,7.2,17.1,27.5,48.2,6.4,356,25.9,14.7,20.6,38.9,6.2,355
171,IL,5,5.0,7.9,36.0,51.2,4.9,552,5.5,8.4,25.3,60.7,4.8,550,1.0,5.1,20.1,73.8,4.3,547,5.8,11.5,29.1,53.6,4.9,549,6.0,4.8,19.3,70.0,4.5,548
172,IN,5,4.2,11.2,43.3,41.3,5.8,487,3.1,11.3,27.9,57.6,5.8,487,1.4,6.4,16.4,75.8,5.0,488,5.8,12.1,25.3,56.9,5.8,488,6.7,12.7,26.1,54.5,5.8,488
173,KS,5,3.3,13.9,41.6,41.3,6.4,376,4.2,12.5,27.4,56.0,6.5,376,5.0,6.6,19.9,68.5,6.1,376,6.6,17.0,27.7,48.8,6.5,376,15.8,13.1,22.9,48.2,6.5,376
174,KY,5,4.5,12.7,37.2,45.6,6.0,443,3.9,9.7,32.2,54.1,6.0,441,0.8,7.0,16.7,75.5,5.2,438,3.1,13.6,29.0,54.3,6.0,440,7.7,12.3,21.9,58.1,5.9,439
175,LA,5,3.3,10.0,33.9,52.8,6.8,397,4.1,7.5,25.6,62.8,6.6,395,1.7,4.3,13.1,81.0,5.4,396,4.2,8.2,27.1,60.5,6.7,395,12.7,7.7,17.8,61.8,6.6,394
176,MA,5,1.6,8.8,40.8,48.9,5.3,466,1.8,7.4,28.1,62.6,5.2,464,0.4,5.0,19.8,74.7,4.6,467,2.6,13.5,32.4,51.5,5.3,465,0.8,2.5,16.9,79.8,4.3,465
177,MD,5,1.6,4.4,34.3,59.7,5.3,456,1.0,3.3,23.0,72.7,4.8,455,0.8,4.5,14.0,80.7,4.3,455,3.4,10.5,23.6,62.5,5.2,455,1.4,3.2,16.0,79.4,4.4,452
178,ME,5,4.2,10.0,40.4,45.5,6.1,376,4.5,8.4,24.1,63.1,6.0,376,2.7,2.8,19.2,75.2,5.3,376,5.0,8.7,31.4,55.0,6.1,377,7.3,9.5,18.0,65.2,5.9,377
179,MI,5,3.1,9.0,37.6,50.2,5.4,463,3.7,6.4,27.6,62.2,5.2,463,0.6,6.0,23.0,70.4,4.9,460,3.2,17.0,29.5,50.3,5.4,463,4.9,6.2,19.9,69.0,5.0,462
180,MN,5,7.5,12.8,38.9,40.8,5.1,491,8.1,9.3,30.5,52.1,5.2,490,4.5,7.6,26.0,61.9,5.1,489,10.1,16.0,33.8,40.2,5.1,491,14.3,13.7,25.4,46.6,5.2,489
181,MO,5,5.1,10.8,41.8,42.3,5.4,483,5.6,10.8,26.9,56.6,5.5,482,1.7,5.5,21.7,71.1,5.0,484,2.3,14.6,31.0,52.1,5.5,484,14.8,10.8,22.4,51.9,5.5,480
182,MS,5,3.0,8.9,42.1,46.0,7.0,341,2.6,8.0,33.5,55.9,6.9,340,1.6,2.7,18.6,77.1,5.9,339,2.1,10.5,27.9,59.5,6.9,339,7.1,11.4,21.8,59.7,6.9,339
183,MT,5,8.5,18.2,46.1,27.2,6.9,297,6.4,17.6,35.9,40.1,6.8,295,2.0,6.3,28.2,63.4,6.7,293,8.9,15.9,28.7,46.5,6.9,297,26.0,18.9,21.9,33.2,6.5,297
184,NC,5,6.7,10.3,34.2,48.8,5.1,539,8.4,6.8,25.7,59.0,5.0,541,3.9,3.1,25.9,67.2,4.8,538,7.0,10.5,30.9,51.7,5.1,537,13.5,8.3,24.8,53.4,5.1,536
185,ND,5,11.9,17.8,43.8,26.4,9.2,189,9.6,15.4,40.7,34.3,9.2,189,3.9,2.9,32.8,60.4,9.1,189,9.5,17.0,37.1,36.4,9.0,189,28.2,17.9,28.2,25.7,8.4,189
186,NE,5,7.0,16.1,40.6,36.2,6.2,379,5.7,15.6,31.0,47.8,6.3,379,3.0,2.4,28.3,66.2,5.9,381,4.5,15.1,30.1,50.4,6.3,378,14.3,13.9,21.7,50.1,6.3,380
187,NH,5,5.7,11.2,35.5,47.5,5.8,370,3.7,11.0,26.5,58.8,5.7,369,1.6,1.3,21.4,75.7,5.0,369,3.7,10.8,33.5,52.0,5.8,369,7.3,7.0,19.9,65.9,5.5,368
188,NJ,5,2.6,6.2,30.5,60.7,5.0,497,2.1,4.5,22.7,70.7,4.6,499,0.2,4.8,16.5,78.6,4.2,499,2.2,7.2,31.4,59.2,5.0,500,1.2,2.8,15.1,80.8,4.0,499
189,NM,5,6.4,9.4,41.1,43.1,8.6,308,5.0,7.5,27.5,60.0,8.5,308,0.6,3.6,23.8,71.9,7.8,308,5.0,11.5,32.4,51.1,8.7,306,7.0,9.3,17.0,66.7,8.2,308
190,NV,5,3.8,9.2,37.4,49.6,6.3,391,3.8,10.1,28.4,57.7,6.3,389,1.0,5.3,15.6,78.1,5.2,390,4.3,12.1,32.8,50.9,6.3,389,9.5,7.6,19.6,63.2,6.1,390
191,NY,5,2.9,9.0,27.1,61.0,4.4,654,2.4,4.8,22.4,70.4,4.1,653,0.2,4.8,17.9,77.2,3.8,653,2.3,10.7,28.5,58.5,4.4,651,1.5,2.7,16.9,79.0,3.7,654
192,OH,5,4.6,10.8,37.6,47.1,4.6,577,4.9,8.4,27.9,58.9,4.5,575,1.4,2.8,19.0,76.8,3.9,576,5.5,10.8,31.0,52.8,4.6,573,9.9,10.2,22.2,57.7,4.5,575
193,OK,5,7.3,10.2,41.5,41.0,7.2,362,6.5,7.0,33.6,53.0,7.3,360,3.1,3.6,24.7,68.6,6.8,360,6.5,8.8,28.8,55.9,7.2,361,14.3,12.6,22.5,50.6,7.3,361
194,OR,5,5.5,10.1,37.5,47.0,5.8,445,6.0,7.0,30.4,56.6,5.7,444,4.3,8.0,21.9,65.8,5.5,445,7.4,14.7,28.3,49.5,5.8,446,8.9,13.1,25.6,52.4,5.8,444
195,PA,5,6.0,8.5,34.0,51.6,4.5,601,5.4,7.2,26.9,60.6,4.4,600,2.0,2.7,21.4,74.0,3.9,600,4.8,10.3,29.9,55.0,4.5,599,4.3,6.4,13.7,75.6,3.9,596
196,RI,5,6.0,10.5,33.0,50.6,6.6,306,3.8,5.8,24.6,65.8,6.3,307,2.3,5.2,20.4,72.2,5.9,307,3.8,13.2,28.7,54.3,6.6,306,3.8,4.9,17.0,74.4,5.8,305
197,SC,5,6.1,9.9,32.5,51.6,5.6,465,4.6,9.1,26.4,59.8,5.5,462,1.7,2.3,19.3,76.7,4.8,463,4.6,8.9,29.7,56.7,5.6,464,9.9,10.8,20.7,58.6,5.6,462
198,SD,5,7.7,14.2,52.8,25.3,7.2,298,7.0,12.6,32.2,48.2,7.3,295,3.2,3.4,31.9,61.5,7.1,295,5.6,18.3,34.9,41.1,7.2,295,18.0,17.5,29.6,34.9,6.9,295
199,TN,5,3.2,13.1,40.5,43.2,5.6,477,2.5,12.6,28.1,56.8,5.6,479,0.6,4.3,16.1,79.0,4.6,481,3.0,8.9,28.0,60.0,5.5,480,10.9,12.0,21.6,55.5,5.6,479
200,TX,5,5.1,9.4,35.0,50.6,4.3,873,4.7,9.1,26.0,60.2,4.2,874,1.9,3.5,18.2,76.5,3.7,871,3.2,10.3,29.9,56.6,4.3,870,7.4,7.8,20.6,64.2,4.1,868
201,UT,5,3.1,11.0,48.2,37.6,6.8,346,4.6,11.7,35.0,48.7,6.8,346,0.9,3.5,25.1,70.5,6.2,343,3.4,16.6,32.5,47.5,6.8,344,7.8,12.1,28.4,51.7,6.8,345
202,VA,5,4.0,7.2,34.2,54.6,4.9,569,3.9,6.7,26.6,62.8,4.7,567,2.3,5.6,20.2,71.8,4.4,568,5.4,10.4,27.4,56.8,4.8,567,5.2,8.0,16.5,70.3,4.5,566
203,VT,5,5.2,9.9,38.3,46.5,7.6,227,5.5,10.6,26.1,57.8,7.5,226,5.3,5.9,16.4,72.3,6.8,225,8.8,12.5,32.5,46.2,7.6,227,9.8,9.4,18.6,62.1,7.4,226
204,WA,5,3.6,6.9,41.0,48.5,5.7,430,4.2,7.0,30.5,58.3,5.6,430,1.5,5.0,22.9,70.6,5.2,431,4.9,18.4,31.8,44.9,5.7,428,7.5,9.4,23.3,59.8,5.6,426
205,WI,5,6.5,11.8,37.0,44.7,5.3,469,6.2,9.2,25.9,58.8,5.2,466,2.0,6.7,24.1,67.3,5.0,464,6.2,15.4,29.4,49.0,5.3,467,12.0,13.3,25.6,49.0,5.3,467
206,WV,5,2.4,10.0,39.5,48.0,6.8,336,2.4,10.2,30.8,56.5,6.8,336,0.8,3.8,20.3,75.0,5.9,334,3.6,11.1,30.4,54.9,6.8,335,14.6,10.6,23.4,51.4,6.9,333
207,WY,5,8.9,17.1,36.5,37.5,9.5,147,8.4,16.6,29.6,45.4,9.7,147,5.7,4.2,33.5,56.6,9.7,147,6.6,16.0,32.2,45.2,9.7,147,28.4,13.2,19.8,38.6,9.5,147
208,National,7,4.5,8.9,33.9,52.7,1.0,18988,4.4,7.2,26.3,62.1,0.9,18962,1.7,4.4,19.7,74.2,0.9,18959,4.2,11.5,29.6,54.7,1.0,18959,4.8,5.2,16.9,73.2,0.9,18929
209,AK,7,4.0,15.1,31.6,49.4,11.0,128,4.9,12.3,27.3,55.5,10.9,128,1.5,7.8,22.4,68.3,10.2,128,6.8,15.0,32.3,46.0,11.0,128,1.8,11.0,24.4,62.8,10.6,128
210,AL,7,4.2,9.9,33.6,52.2,6.4,435,3.7,8.4,26.6,61.4,6.2,436,2.0,4.9,17.2,75.9,5.5,435,4.6,9.7,26.1,59.6,6.3,434,4.2,3.5,23.3,68.9,5.9,435
211,AR,7,4.9,13.3,35.6,46.1,6.9,386,5.4,11.6,27.5,55.5,6.8,386,2.0,3.5,23.6,71.0,6.3,385,4.5,13.5,31.5,50.4,6.9,387,7.0,6.0,20.9,66.1,6.5,383
212,AZ,7,3.5,9.0,30.4,57.1,7.6,332,6.2,8.3,27.1,58.4,7.6,329,0.6,4.7,19.8,74.9,6.7,330,5.9,10.3,27.9,56.0,7.6,331,3.8,2.7,16.3,77.2,6.4,330
213,CA,7,3.5,5.9,28.7,61.9,5.8,547,3.6,5.0,21.3,70.1,5.4,546,1.7,3.5,19.2,75.7,5.1,545,4.3,11.4,30.9,53.3,5.9,543,1.6,4.1,13.3,80.9,4.7,543
214,CO,7,7.2,11.6,35.6,45.6,6.9,364,7.1,8.1,30.8,54.0,6.9,364,3.1,5.8,20.1,70.9,6.3,363,8.3,8.0,28.5,55.1,6.9,365,6.5,7.1,12.1,74.3,6.1,364
215,CT,7,2.3,7.0,36.4,54.3,6.3,403,2.4,3.1,24.7,69.8,5.8,402,0.7,4.1,23.1,72.1,5.7,399,2.3,13.6,29.3,54.8,6.3,402,0.3,4.1,12.4,83.2,4.7,401
216,DC,7,2.3,6.8,29.3,61.7,7.0,275,2.2,3.8,26.1,67.9,6.7,272,1.2,2.4,18.2,78.2,5.9,273,3.3,11.4,34.6,50.7,7.2,271,1.4,1.7,17.4,79.5,5.8,272
217,DE,7,1.6,7.1,33.7,57.6,7.9,284,1.3,4.4,27.1,67.1,7.6,283,0.9,5.6,10.6,83.0,6.0,284,2.4,10.9,25.3,61.4,7.8,285,0.6,1.8,8.1,89.5,5.0,278
218,FL,7,3.4,8.7,29.9,58.0,5.5,488,4.5,8.5,20.8,66.2,5.3,489,1.1,4.3,19.8,74.8,4.9,488,1.8,12.7,28.4,57.0,5.6,490,1.8,4.1,15.9,78.2,4.6,490
219,GA,7,5.7,7.6,30.9,55.8,5.8,434,4.2,8.2,25.7,62.0,5.6,432,1.3,4.4,19.8,74.5,5.1,431,2.7,9.7,28.1,59.5,5.7,434,6.5,5.3,21.3,66.9,5.5,430
220,HI,7,3.4,7.1,38.1,51.4,7.5,291,2.6,7.2,28.2,62.0,7.3,291,1.4,3.4,23.7,71.5,6.8,290,6.1,15.3,28.2,50.4,7.5,289,1.6,3.3,14.5,80.6,5.9,290
221,IA,7,4.1,15.2,40.2,40.6,6.1,407,4.3,13.2,27.8,54.7,6.2,407,1.4,5.6,26.4,66.6,5.9,406,6.0,15.2,34.7,44.1,6.2,407,8.6,8.6,27.0,55.8,6.2,403
222,ID,7,6.7,14.3,38.4,40.6,6.3,349,6.1,12.8,31.6,49.5,6.4,350,2.3,4.0,22.8,70.9,5.8,350,6.1,16.0,30.6,47.3,6.4,350,12.2,11.6,21.6,54.6,6.4,347
223,IL,7,3.0,7.2,33.7,56.1,5.9,469,2.3,5.3,29.7,62.8,5.8,468,0.5,5.7,19.9,73.8,5.2,469,2.6,9.4,33.6,54.4,5.9,469,1.9,2.9,18.1,77.0,5.0,470
224,IN,7,6.8,13.4,40.2,39.6,6.8,318,6.7,10.2,27.8,55.3,6.8,319,3.8,5.1,22.5,68.5,6.4,318,5.7,11.1,32.5,50.7,6.9,317,10.3,9.5,17.2,62.9,6.7,319
225,KS,7,5.0,14.4,31.6,48.9,6.4,365,3.1,12.1,27.6,57.1,6.3,363,2.5,5.0,24.6,67.8,6.0,364,3.8,14.4,38.5,43.4,6.3,362,5.0,7.1,18.6,69.4,5.9,365
226,KY,7,3.0,10.8,35.3,50.9,6.3,389,5.3,6.5,25.6,62.6,6.1,387,3.0,4.2,16.6,76.2,5.4,388,3.8,11.7,26.3,58.2,6.2,386,5.5,6.6,20.3,67.6,5.9,386
227,LA,7,4.8,10.8,30.3,54.1,6.8,403,6.0,7.2,23.5,63.3,6.6,403,1.9,5.1,11.6,81.4,5.3,403,5.1,9.1,27.4,58.4,6.8,402,6.4,3.4,13.9,76.3,5.8,404
228,MA,7,4.0,9.3,34.6,52.1,6.1,363,2.6,5.1,26.0,66.2,5.8,363,0.2,5.9,21.9,72.0,5.5,362,2.7,14.7,28.9,53.7,6.1,362,2.4,3.0,14.5,80.0,4.9,362
229,MD,7,1.1,7.5,33.7,57.8,5.7,462,1.3,4.0,25.0,69.7,5.4,460,0.8,5.0,14.0,80.3,4.6,461,3.1,10.5,26.1,60.4,5.7,461,1.0,2.3,11.4,85.3,4.1,459
230,ME,7,7.7,6.3,40.6,45.4,6.6,311,7.8,4.4,30.2,57.7,6.5,312,3.6,4.2,17.6,74.5,5.8,311,5.4,11.8,28.8,53.9,6.6,312,6.6,9.1,18.7,65.7,6.3,312
231,MI,7,3.9,10.1,33.8,52.2,6.5,366,2.7,7.7,27.0,62.6,6.3,366,4.8,4.2,20.8,70.2,6.0,363,4.1,11.6,30.3,54.0,6.5,366,3.1,3.8,16.0,77.0,5.5,362
232,MN,7,5.2,13.1,42.4,39.2,6.3,382,4.6,9.2,30.4,55.9,6.3,382,2.0,4.2,26.1,67.8,5.9,382,5.5,12.8,35.9,45.7,6.3,382,5.6,10.1,24.4,59.9,6.2,380
233,MO,7,7.8,8.8,43.7,39.7,6.2,357,7.0,8.0,38.4,46.6,6.3,357,4.0,4.1,24.5,67.4,5.9,356,5.4,16.7,32.5,45.5,6.2,356,8.9,9.2,21.2,60.7,6.2,354
234,MS,7,3.7,8.0,35.1,53.2,6.9,374,4.1,4.9,27.3,63.8,6.7,374,1.6,2.2,21.4,74.7,6.0,374,3.5,12.3,29.6,54.6,6.9,371,3.8,3.8,18.2,74.2,6.1,373
235,MT,7,10.7,10.6,44.8,33.8,6.8,290,10.9,9.0,30.1,50.0,6.9,289,5.1,4.8,18.6,71.4,6.2,292,7.8,10.0,34.1,48.1,6.9,291,13.2,7.0,20.6,59.2,6.8,290
236,NC,7,5.2,8.9,31.3,54.5,5.8,429,5.1,7.1,21.6,66.2,5.5,428,0.4,4.0,17.7,77.9,4.8,428,4.3,10.2,26.6,58.9,5.7,427,4.2,5.5,12.7,77.6,4.8,427
237,ND,7,7.8,12.9,46.7,32.5,8.8,207,5.7,18.9,35.2,40.2,8.6,208,3.3,4.2,28.6,63.9,8.4,208,6.1,21.7,28.7,43.5,8.7,208,8.8,20.9,25.0,45.3,8.7,208
238,NE,7,6.8,16.8,38.5,37.9,6.4,334,5.5,14.0,27.1,53.3,6.5,334,2.6,6.5,23.6,67.2,6.2,333,6.0,13.4,28.0,52.6,6.5,334,12.0,8.3,25.5,54.2,6.5,334
239,NH,7,2.6,7.5,36.3,53.5,6.5,314,3.5,5.5,25.9,65.1,6.2,314,1.1,3.7,21.8,73.5,5.8,314,4.4,9.9,34.5,51.1,6.5,313,3.7,5.3,17.1,73.8,5.7,313
240,NJ,7,1.6,8.5,30.3,59.6,6.6,389,2.9,7.0,23.5,66.5,6.3,389,1.6,6.5,14.2,77.8,5.6,388,3.2,14.5,24.1,58.1,6.6,390,1.8,5.1,10.8,82.2,5.1,388
241,NM,7,4.4,6.6,33.8,55.3,7.8,334,5.6,6.5,26.3,61.6,7.6,335,1.2,2.2,23.1,73.5,6.9,335,4.3,9.9,29.3,56.4,7.8,335,3.2,1.6,14.7,80.5,6.2,334
242,NV,7,6.5,9.2,35.5,48.7,6.7,431,6.7,9.8,25.5,58.1,6.6,431,1.8,4.5,19.2,74.5,5.8,431,6.3,11.0,27.5,55.2,6.6,430,2.8,2.9,13.7,80.6,5.3,430
243,NY,7,2.4,5.8,28.0,63.8,5.5,462,2.0,4.1,18.8,75.1,5.0,461,0.4,2.8,17.8,78.9,4.7,463,2.5,9.5,23.8,64.3,5.5,461,1.5,2.5,9.2,86.9,3.9,462
244,OH,7,6.2,9.2,29.6,55.0,5.4,478,4.9,6.8,28.4,59.9,5.3,476,2.0,3.7,17.2,77.2,4.6,475,4.1,10.4,26.4,59.1,5.4,475,8.1,5.8,16.1,69.9,5.0,475
245,OK,7,5.0,9.1,42.1,43.7,7.0,382,3.6,10.7,31.1,54.6,7.0,381,1.3,5.0,20.6,73.1,6.2,381,5.0,9.0,25.4,60.5,6.9,381,7.8,9.3,16.8,66.1,6.7,379
246,OR,7,3.0,9.7,38.7,48.6,6.3,395,2.5,10.9,25.3,61.3,6.1,394,0.7,5.7,23.4,70.2,5.7,396,4.6,15.0,33.1,47.2,6.3,395,2.9,5.2,18.6,73.2,5.6,392
247,PA,7,5.5,6.6,35.4,52.5,6.0,477,5.6,5.4,33.0,56.0,6.0,474,2.3,4.9,22.5,70.3,5.5,477,7.1,11.8,27.2,54.0,6.0,477,5.3,3.6,15.1,76.0,5.1,475
248,RI,7,4.6,9.0,29.2,57.1,6.7,319,2.8,6.1,23.8,67.3,6.4,315,2.1,5.7,19.2,72.9,6.0,317,2.7,11.7,25.2,60.4,6.6,317,2.0,3.5,12.6,81.9,5.2,316
249,SC,7,5.4,8.4,32.0,54.3,6.1,421,6.3,6.0,26.5,61.1,6.0,420,4.1,1.8,21.2,72.9,5.4,421,4.2,9.5,33.9,52.4,6.1,421,5.3,4.9,20.2,69.7,5.6,420
250,SD,7,15.6,15.9,43.0,25.5,7.9,254,11.0,12.2,35.1,41.6,7.9,253,2.2,7.6,28.1,62.1,7.7,253,8.8,19.2,35.3,36.8,7.7,253,21.2,14.5,27.4,37.0,7.7,254
251,TN,7,4.0,11.9,41.4,42.7,5.8,468,5.4,7.5,27.9,59.1,5.8,468,2.0,5.0,18.3,74.6,5.1,466,3.5,9.5,32.4,54.6,5.9,466,9.0,8.5,18.4,64.1,5.6,467
252,TX,7,5.9,4.2,32.0,57.8,5.9,481,5.6,5.1,25.1,64.2,5.7,480,2.1,3.4,18.3,76.3,5.0,483,5.2,6.8,28.2,59.8,5.8,482,3.6,1.8,16.9,77.7,4.9,481
253,UT,7,5.0,10.3,34.7,49.9,6.1,438,4.6,7.4,30.8,57.2,6.1,438,0.8,3.7,17.5,78.0,5.1,438,4.1,8.0,36.4,51.6,6.1,437,3.6,4.0,21.8,70.6,5.6,437
254,VA,7,3.8,6.5,31.3,58.3,6.1,400,4.5,5.9,24.4,65.2,5.9,401,2.0,2.1,19.6,76.3,5.3,401,3.3,8.7,34.1,53.9,6.2,402,3.6,4.1,15.1,77.2,5.2,402
255,VT,7,2.0,9.2,36.9,51.9,8.1,200,3.5,6.0,26.3,64.3,7.8,202,4.0,2.8,28.3,64.8,7.8,201,6.3,16.2,36.5,41.0,8.0,202,4.6,9.4,14.4,71.6,7.3,201
256,WA,7,1.4,5.7,33.3,59.5,5.7,443,2.1,6.3,24.3,67.2,5.5,442,0.5,5.5,20.8,73.2,5.2,440,2.3,12.9,34.0,50.7,5.8,443,1.0,3.7,15.9,79.5,4.7,442
257,WI,7,5.7,13.2,33.7,47.4,5.5,442,5.3,8.3,31.0,55.4,5.5,443,1.9,5.7,27.8,64.6,5.3,442,4.7,15.1,35.6,44.6,5.5,440,9.2,9.7,22.1,58.9,5.4,444
258,WV,7,5.8,4.3,36.8,53.0,7.1,362,2.9,8.1,24.4,64.7,6.8,362,0.7,8.4,15.1,75.8,6.1,361,3.8,14.9,27.5,53.7,7.1,360,7.8,4.9,15.8,71.5,6.4,362
259,WY,7,8.5,16.1,37.2,38.2,9.7,156,11.5,16.6,22.9,49.0,10.0,155,3.8,4.8,22.4,69.0,9.2,157,6.3,17.9,28.2,47.5,9.9,157,16.1,15.4,19.2,49.3,10.0,156
260,National,9,4.8,9.5,36.4,49.3,0.9,21142,4.5,8.2,26.3,61.0,0.9,21115,1.6,4.2,19.5,74.7,0.8,21123,4.3,11.5,29.8,54.4,0.9,21090,3.5,5.1,15.7,75.7,0.8,21114
261,AK,9,6.2,13.3,26.2,54.2,13.3,122,8.3,3.6,15.5,72.6,11.9,123,4.4,6.5,13.0,76.2,11.4,122,9.2,9.3,32.1,49.5,13.4,122,4.5,7.7,12.2,75.7,11.5,122
262,AL,9,5.8,9.3,39.2,45.7,5.4,518,6.1,10.2,28.2,55.6,5.4,519,3.4,4.1,18.7,73.9,4.8,517,6.6,12.8,27.7,52.9,5.4,517,5.5,6.0,17.2,71.3,4.9,518
263,AR,9,5.8,9.8,38.0,46.4,6.4,387,5.0,12.1,25.1,57.8,6.3,387,2.5,2.9,18.9,75.7,5.5,387,4.6,11.8,32.9,50.8,6.4,387,3.8,5.8,17.7,72.7,5.7,388
264,AZ,9,4.1,8.3,32.7,54.9,5.9,464,4.0,5.7,30.9,59.5,5.8,464,0.7,2.9,17.8,78.6,4.8,464,3.8,10.3,26.3,59.5,5.8,462,1.4,3.2,19.3,76.1,5.0,463
265,CA,9,4.2,8.6,28.3,58.8,4.3,806,6.1,6.3,22.6,65.1,4.2,804,2.1,4.8,18.2,74.9,3.8,805,4.0,11.0,30.6,54.4,4.4,803,1.6,4.0,13.8,80.6,3.5,806
266,CO,9,8.8,11.0,43.0,37.2,5.4,476,8.2,12.9,27.9,51.0,5.5,474,3.0,5.4,23.3,68.4,5.1,475,6.6,11.9,28.8,52.8,5.5,470,6.2,9.8,17.2,66.9,5.2,473
267,CT,9,3.0,9.1,35.9,52.0,5.7,414,2.3,6.2,23.3,68.2,5.4,410,0.4,3.0,19.7,77.0,4.8,414,2.7,8.5,29.6,59.1,5.7,411,0.7,3.4,16.2,79.7,4.6,413
268,DC,9,1.4,6.8,22.9,68.9,8.4,234,1.2,5.7,20.1,73.0,8.1,234,0.3,5.3,16.9,77.5,7.6,234,4.0,8.8,27.3,59.9,9.0,233,0.5,2.9,11.2,85.4,6.4,233
269,DE,9,3.3,8.4,33.7,54.5,7.9,279,1.9,8.0,22.3,67.7,7.5,277,0.9,1.6,15.1,82.4,6.1,278,2.2,9.4,21.1,67.3,7.5,274,1.0,3.0,11.2,84.8,5.8,276
270,FL,9,2.6,9.0,32.1,56.3,4.7,580,1.9,7.7,21.7,68.6,4.4,580,0.8,4.8,17.6,76.8,4.0,577,1.7,11.5,26.8,60.0,4.7,580,1.3,4.0,15.0,79.8,3.8,580
271,GA,9,6.0,8.1,35.0,51.0,4.9,601,5.8,9.5,26.7,58.1,4.8,602,2.7,2.3,18.1,76.8,4.1,601,5.3,7.8,30.0,56.9,4.8,599,5.6,4.4,16.8,73.3,4.3,601
272,HI,9,2.3,6.9,32.0,58.8,8.4,257,2.1,4.0,23.2,70.8,7.8,256,2.4,1.5,19.8,76.3,7.2,257,4.8,13.6,25.2,56.3,8.5,256,0.2,4.3,15.2,80.3,6.8,255
273,IA,9,5.4,15.0,49.2,30.4,7.5,250,5.6,8.4,37.2,48.8,7.5,251,3.4,5.3,31.8,59.5,7.3,251,5.0,20.4,38.2,36.4,7.3,251,5.4,16.8,25.1,52.7,7.5,250
274,ID,9,9.2,15.3,44.6,31.0,7.9,266,9.8,12.2,29.2,48.8,8.0,266,0.6,7.7,20.7,71.0,7.2,267,3.0,15.1,32.6,49.3,7.9,267,11.6,9.9,17.1,61.4,7.8,266
275,IL,9,4.0,7.9,37.9,50.1,4.8,508,3.4,7.8,23.2,65.6,4.5,507,2.5,3.3,19.7,74.6,4.2,504,4.6,13.4,30.0,52.0,4.8,507,3.4,4.5,14.3,77.8,4.0,506
276,IN,9,7.9,13.1,36.3,42.6,5.3,464,6.7,11.4,26.7,55.2,5.4,463,3.3,3.6,20.5,72.5,4.8,464,7.3,7.7,29.8,55.2,5.4,463,5.3,8.0,17.0,69.6,4.9,464
277,KS,9,6.1,12.1,37.2,44.5,5.8,432,4.6,12.6,32.3,50.6,5.9,435,1.7,4.7,23.9,69.8,5.4,433,3.6,16.0,28.9,51.5,5.9,435,3.6,8.5,21.3,66.6,5.5,435
278,KY,9,4.9,10.7,39.6,44.8,5.3,509,5.4,11.1,25.8,57.6,5.2,510,1.3,7.0,17.4,74.2,4.6,511,4.2,12.3,36.2,47.4,5.3,506,3.2,6.5,20.3,70.0,4.8,512
279,LA,9,4.6,10.8,30.0,54.7,6.4,441,4.7,7.5,24.5,63.3,6.2,441,2.6,6.6,15.6,75.2,5.6,441,4.6,13.4,27.3,54.8,6.4,441,3.1,5.7,16.5,74.8,5.6,442
280,MA,9,3.6,6.2,39.6,50.6,4.9,602,2.5,5.5,26.0,66.0,4.6,600,2.0,4.2,18.5,75.3,4.2,602,3.3,10.1,29.6,57.0,4.8,599,2.0,1.9,14.5,81.6,3.8,598
281,MD,9,3.0,7.2,35.6,54.2,5.0,538,3.0,4.2,26.7,66.1,4.7,536,1.2,3.0,16.1,79.6,4.0,536,3.0,8.7,29.3,59.0,4.9,534,0.8,2.2,11.5,85.5,3.5,536
282,ME,9,5.8,10.0,36.9,47.2,7.0,283,4.4,9.9,27.6,58.1,6.9,285,1.4,3.6,23.2,71.9,6.3,286,4.5,14.2,33.2,48.2,7.0,284,4.8,10.7,19.8,64.7,6.7,286
283,MI,9,3.5,8.2,43.9,44.4,5.0,580,3.8,7.0,29.9,59.3,5.0,578,0.9,3.0,20.8,75.2,4.4,580,3.0,13.7,32.0,51.3,5.1,579,3.3,3.5,15.8,77.4,4.2,578
284,MN,9,7.1,7.0,42.0,43.9,5.3,527,6.0,7.4,30.2,56.3,5.3,525,3.3,5.0,22.0,69.7,4.9,528,6.8,12.2,33.5,47.5,5.3,527,3.5,7.3,17.8,71.4,4.8,527
285,MO,9,6.7,11.7,41.2,40.4,5.3,509,5.6,10.0,32.5,51.9,5.3,505,1.7,4.6,19.5,74.2,4.7,507,3.9,16.0,30.9,49.2,5.3,508,5.3,8.7,18.6,67.4,5.0,506
286,MS,9,3.4,10.9,42.4,43.3,7.3,399,3.4,7.0,30.3,59.2,7.3,398,2.4,2.2,21.6,73.8,6.5,397,4.7,8.7,27.0,59.7,7.3,398,4.2,5.3,16.1,74.5,6.5,398
287,MT,9,6.2,14.7,47.0,32.1,8.4,209,6.6,11.6,28.8,53.0,8.4,209,2.2,5.9,20.6,71.3,7.6,210,6.3,11.0,40.2,42.5,8.3,210,5.5,3.8,17.4,73.4,7.4,210
288,NC,9,3.6,10.6,33.7,52.1,4.8,520,3.9,9.2,23.6,63.3,4.6,519,0.6,5.0,18.8,75.6,4.1,521,3.3,10.0,29.9,56.8,4.7,520,2.2,5.1,14.3,78.3,3.9,521
289,ND,9,6.2,20.9,46.3,26.6,9.1,185,6.4,12.6,39.7,41.4,9.0,184,1.3,8.8,26.9,63.0,8.8,185,3.5,18.5,31.1,46.9,9.1,184,4.5,14.8,29.8,50.9,9.1,185
290,NE,9,8.6,15.4,45.9,30.0,7.3,303,8.9,11.7,35.9,43.5,7.2,305,3.4,2.7,22.9,71.0,6.6,306,6.3,12.5,31.9,49.3,7.3,306,7.4,8.1,16.8,67.8,6.8,303
291,NH,9,2.9,12.2,46.9,38.0,8.3,202,2.1,13.4,26.6,57.9,8.2,202,0.9,4.8,28.3,66.0,7.9,202,5.5,10.5,34.5,49.5,8.4,200,3.9,5.8,21.1,69.2,7.7,201
292,NJ,9,1.6,6.6,36.1,55.7,4.9,515,1.0,5.2,23.0,70.8,4.5,513,0.9,3.6,17.4,78.1,4.1,512,2.3,10.5,27.3,60.0,4.9,515,1.3,3.0,13.8,81.9,3.8,513
293,NM,9,5.4,9.4,36.1,49.1,7.9,313,5.6,8.8,20.1,65.4,7.5,313,1.8,3.5,24.1,70.7,7.2,313,7.0,9.9,27.4,55.7,7.9,310,2.5,6.2,9.9,81.4,6.1,313
294,NV,9,3.4,9.6,39.6,47.4,6.3,436,3.7,9.0,30.6,56.7,6.2,435,0.6,2.9,15.1,81.5,4.9,434,4.7,11.1,27.1,57.0,6.2,436,1.3,3.7,10.0,84.9,4.5,436
295,NY,9,1.1,9.2,31.9,57.7,4.8,616,1.1,5.1,25.9,67.8,4.6,615,0.8,4.1,19.4,75.8,4.2,614,3.0,9.8,27.2,60.0,4.8,614,1.0,5.3,13.2,80.5,3.9,611
296,OH,9,6.0,14.2,36.7,43.1,4.8,515,5.2,9.4,26.4,59.0,4.7,514,3.0,3.0,20.6,73.4,4.2,518,4.9,14.3,29.4,51.4,4.8,515,5.8,5.4,18.2,70.5,4.4,513
297,OK,9,7.8,11.0,39.1,42.1,5.8,484,7.6,9.1,28.7,54.6,5.8,486,1.7,4.2,19.3,74.8,5.1,483,3.4,14.1,27.6,55.0,5.9,484,6.5,6.5,18.5,68.5,5.5,486
298,OR,9,6.5,9.8,38.8,44.9,5.6,472,6.2,10.6,24.6,58.6,5.5,471,3.0,4.2,22.1,70.8,5.1,471,5.0,17.5,29.5,48.0,5.6,470,3.4,6.8,16.9,73.0,5.0,470
299,PA,9,8.0,10.6,40.1,41.4,5.0,510,8.3,9.0,26.9,55.8,5.0,511,3.7,5.7,19.1,71.5,4.6,507,5.9,13.3,34.5,46.3,5.1,508,4.7,4.8,18.8,71.7,4.6,510
300,RI,9,1.7,6.0,36.9,55.4,8.3,253,0.6,7.2,21.6,70.5,7.6,255,0.0,2.0,18.3,79.7,6.7,255,4.8,8.8,26.0,60.4,8.2,255,1.8,3.3,6.8,88.1,5.4,253
301,SC,9,4.5,7.6,38.2,49.7,5.9,449,4.1,5.8,28.1,62.1,5.7,451,1.7,3.0,18.6,76.7,5.0,449,3.7,11.2,27.2,57.9,5.9,447,5.1,5.2,15.9,73.8,5.2,450
302,SD,9,15.0,17.6,27.4,40.0,9.9,184,11.8,15.5,27.1,45.6,10.1,183,2.2,10.9,24.8,62.1,9.8,183,11.0,9.6,34.7,44.7,10.0,183,19.8,10.7,20.9,48.7,10.1,183
303,TN,9,5.5,12.2,37.3,44.9,5.0,499,5.0,10.8,28.2,55.9,5.0,496,1.8,3.7,18.2,76.2,4.3,496,3.2,14.8,28.0,54.0,5.0,498,4.7,6.7,18.2,70.4,4.6,498
304,TX,9,4.9,5.3,33.9,56.0,4.6,639,3.8,6.0,24.6,65.5,4.4,634,1.2,5.2,18.4,75.2,4.0,636,4.9,8.7,27.6,58.9,4.5,638,3.6,3.4,12.0,81.0,3.6,637
305,UT,9,8.2,13.4,45.1,33.3,7.5,271,6.9,12.0,30.5,50.6,7.6,271,0.6,2.7,23.2,73.5,6.7,271,5.6,18.0,25.4,51.0,7.6,271,7.5,6.0,21.2,65.2,7.2,271
306,VA,9,3.6,7.8,37.8,50.9,4.9,541,5.0,4.9,27.2,62.9,4.7,540,1.8,2.4,20.1,75.6,4.2,541,4.2,12.7,25.1,58.1,4.8,540,2.7,2.6,16.3,78.4,4.0,541
307,VT,9,2.3,7.9,43.5,46.2,10.8,131,2.0,9.0,31.8,57.2,10.8,129,3.2,6.6,25.4,64.8,10.4,130,7.6,16.9,35.7,39.8,10.7,129,0.0,7.9,13.7,78.5,8.9,131
308,WA,9,5.6,11.2,38.4,44.8,5.2,487,3.9,8.0,27.5,60.6,5.1,488,0.7,4.1,23.8,71.3,4.7,487,3.8,13.6,38.6,44.0,5.2,486,2.6,3.4,15.0,79.0,4.3,484
309,WI,9,9.3,9.9,39.2,41.5,5.3,449,7.4,7.8,30.9,54.0,5.4,449,1.7,4.5,24.1,69.7,5.0,448,6.1,17.8,34.1,42.1,5.3,446,6.7,6.6,17.0,69.7,4.9,449
310,WV,9,3.8,10.8,36.0,49.4,7.2,371,2.8,9.9,30.3,57.0,7.1,371,1.8,4.2,15.3,78.7,5.9,371,3.8,11.9,26.4,57.9,7.1,370,7.3,5.4,18.6,68.7,6.7,371
311,WY,9,12.9,19.0,35.1,33.0,10.8,142,12.0,16.4,32.2,39.5,11.1,141,3.1,3.9,23.7,69.3,10.4,142,8.6,16.2,35.5,39.7,11.1,142,20.0,9.5,21.9,48.6,11.3,142
