,state,wave,Friends and family,Radio news,Podcasts,Local television,"Network television (e.g.  ABC, CBS, or NBC)","Cable television (e.g. CNN, Fox News, or MSNBC)",Late-night comedy shows (e.g. The Late Show with Stephen Colbert or The Daily Show),Print newspapers (e.g. the New York Times or the Wall Street Journal print edition),A news website or app (e.g. the New York Times or Fox News websites or apps),A health website or app (e.g. WebMD),A government website or app (e.g. CDC.gov),An organization website or app (e.g. WHO.int),"A search engine website or app (e.g. Google, Bing)","A social media website or app (e.g. Facebook, Twitter, Snapchat)",Error Margin,N,Facebook (website or app),Twitter (website or app),Youtube(website or app),Reddit (website or app),Instagram (website or app),Snapchat  (website or app),Wikipedia (website or app),Error Margin,N,CNN,Fox News,MSNBC,President Trumpâ€™s press briefings,Error Margin,N
0,National,1,49.7,19.7,5.8,54.8,47.2,36.7,7.9,9.8,28.2,10.6,20.5,7.4,22.2,38.6,0.0,1144,48.4,12.9,21.6,4.2,12.4,5.2,3.8,0.0,643,33.5,36.2,17.4,41.4,0.0,3216
1,AK,1,61.2,30.1,7.5,37.4,36.6,31.8,6.5,4.2,29.8,9.2,20.3,5.9,14.6,57.4,14.9,92,62.4,8.1,25.8,1.5,12.7,5.2,2.7,13.8,92,30.3,40.1,12.1,39.4,14.6,92
2,AL,1,49.7,18.7,4.1,54.8,44.9,37.9,5.8,7.1,21.3,12.3,15.9,5.8,17.0,37.6,5.8,420,53.3,16.1,21.5,3.9,10.2,4.8,4.7,5.8,420,25.6,45.3,16.0,44.7,5.8,420
3,AR,1,45.5,18.0,2.5,52.8,41.5,25.5,5.0,7.5,25.1,8.8,16.5,6.3,20.4,43.6,6.0,425,56.6,6.1,18.0,2.2,8.6,4.3,3.1,6.0,425,28.7,35.5,13.3,44.2,6.1,425
4,AZ,1,42.0,19.5,6.0,49.2,38.2,40.9,6.4,8.1,27.6,10.2,18.6,6.8,22.9,34.8,5.6,442,45.7,11.4,22.8,4.0,11.2,4.8,4.8,5.6,442,29.3,41.6,17.7,39.4,5.6,442
5,CA,1,46.7,23.0,6.2,54.4,46.8,33.7,7.3,9.6,30.0,8.3,19.4,5.9,22.3,34.5,5.0,720,39.7,17.6,25.9,3.2,16.5,4.9,4.2,5.0,720,37.8,35.7,22.0,36.1,4.9,720
6,CO,1,46.4,18.2,6.1,47.1,41.3,32.4,7.4,10.9,30.8,9.5,23.8,9.7,24.6,38.5,5.6,443,47.7,8.0,16.9,4.8,8.1,4.4,2.8,5.6,443,29.3,32.3,14.1,39.6,5.5,443
7,CT,1,53.5,18.7,4.6,58.3,48.9,42.8,10.5,14.0,25.5,10.6,18.0,8.0,18.2,37.0,6.2,323,46.8,13.5,16.0,3.3,14.7,5.2,3.2,6.2,323,36.7,31.7,15.6,40.6,6.1,323
8,DC,1,42.8,12.6,12.3,55.8,43.4,47.1,16.4,14.5,38.0,9.6,20.0,13.4,17.9,42.6,12.8,102,42.9,27.6,30.4,6.9,35.0,3.6,5.9,12.4,102,48.1,44.6,19.3,27.9,13.0,102
9,DE,1,51.6,20.8,5.8,54.3,55.1,48.1,10.0,10.0,27.8,8.4,24.4,7.6,24.4,36.4,7.7,304,49.5,14.4,19.4,2.3,16.9,6.3,4.7,7.7,304,35.8,38.5,16.9,35.7,7.5,304
10,FL,1,47.7,17.1,5.9,61.8,47.7,40.2,9.8,11.0,26.4,7.7,12.5,5.5,18.3,37.5,5.4,522,46.7,14.1,21.9,2.6,14.5,3.6,3.3,5.4,522,36.0,36.5,18.9,43.9,5.4,522
11,GA,1,54.0,23.4,8.8,54.9,43.6,42.9,7.2,10.5,30.5,10.5,22.7,7.6,26.3,35.6,5.4,462,49.5,16.6,24.9,6.5,17.3,7.2,4.1,5.4,462,34.1,41.6,16.5,41.2,5.3,462
12,HI,1,51.8,25.7,8.0,54.7,38.1,35.1,7.1,13.4,28.9,9.9,18.6,7.8,27.7,47.8,7.9,242,46.5,10.3,28.2,5.0,20.6,3.3,3.5,7.8,242,41.7,31.4,21.5,33.3,7.7,242
13,IA,1,51.6,24.2,4.1,60.3,48.1,31.7,10.7,9.7,25.8,8.6,18.8,4.3,20.5,40.6,5.6,436,54.3,12.0,16.4,3.1,8.3,5.8,1.9,5.6,436,26.9,27.9,16.4,39.4,5.5,436
14,ID,1,54.9,21.3,4.9,50.4,39.7,24.7,6.0,10.0,33.4,9.8,23.6,8.6,20.0,40.2,6.6,320,44.4,7.7,18.7,4.4,12.7,5.3,2.8,6.6,320,29.3,33.1,14.4,37.5,6.5,320
15,IL,1,45.0,20.1,5.1,53.1,52.5,34.5,8.5,11.1,23.8,10.9,14.2,8.2,19.2,35.3,5.7,470,47.9,13.3,18.3,3.1,11.1,4.6,4.6,5.7,470,30.1,33.8,17.4,41.5,5.6,470
16,IN,1,47.1,16.6,3.9,52.5,49.0,33.3,5.9,11.7,29.0,7.7,21.5,6.3,20.9,43.7,5.5,454,53.7,10.4,18.1,3.3,9.9,5.0,1.8,5.5,454,32.1,34.0,14.4,43.3,5.5,454
17,KS,1,48.6,21.7,8.1,53.1,48.0,37.9,6.7,7.4,31.4,11.9,25.0,8.6,21.5,41.5,6.1,444,51.7,15.2,18.7,5.7,7.5,4.1,3.4,6.2,444,34.3,33.0,21.5,40.3,6.0,444
18,KY,1,50.3,22.8,4.8,64.2,46.5,30.5,5.3,9.0,25.8,9.0,18.7,4.7,22.9,46.4,5.4,426,54.2,8.7,17.5,2.4,9.5,4.1,4.4,5.4,426,27.5,35.9,11.8,44.8,5.4,426
19,LA,1,50.0,15.9,4.4,60.6,48.0,34.9,7.1,6.5,29.6,11.4,24.9,9.0,18.8,39.6,6.2,418,49.1,10.4,17.9,3.1,13.0,3.5,5.9,6.2,418,27.2,36.9,13.2,45.5,6.2,418
20,MA,1,52.3,22.6,4.3,52.2,54.1,42.2,6.0,9.1,32.9,8.6,19.8,6.3,19.8,36.3,5.3,441,47.1,13.8,18.3,2.6,12.8,4.4,5.0,5.3,441,38.3,32.8,20.0,44.6,5.3,441
21,MD,1,54.1,24.0,8.9,55.8,49.3,38.3,11.0,13.2,28.3,10.4,29.9,7.6,25.2,39.8,6.4,369,49.2,12.6,19.7,5.2,17.8,7.8,5.4,6.4,369,39.4,38.2,15.2,42.7,6.4,369
22,ME,1,43.9,19.5,6.2,55.1,54.0,34.3,7.4,14.7,24.7,10.1,22.2,7.6,14.4,33.1,6.1,322,48.0,8.2,18.6,1.9,8.8,7.1,0.7,6.1,322,25.9,31.0,16.6,45.8,6.1,322
23,MI,1,47.9,22.0,5.6,57.9,54.1,41.1,5.9,10.5,27.4,10.7,21.6,7.4,22.3,35.7,5.1,482,47.4,11.2,19.2,2.1,9.2,4.6,2.7,5.1,482,27.1,38.6,19.8,43.3,5.2,482
24,MN,1,50.4,23.1,5.4,56.1,48.7,32.4,7.5,12.7,33.4,10.5,22.3,6.5,21.5,33.3,5.3,445,45.4,10.0,16.0,3.4,6.8,3.6,3.9,5.2,445,29.5,32.3,15.4,41.2,5.2,445
25,MO,1,49.7,17.5,6.3,54.9,48.6,31.8,6.3,7.6,25.9,12.3,15.1,5.4,22.2,42.3,5.4,425,47.5,9.7,12.5,5.9,8.1,5.1,2.4,5.4,425,24.7,35.8,14.6,42.3,5.4,425
26,MS,1,51.6,16.4,6.3,66.3,50.9,35.9,9.3,7.1,25.9,12.5,21.1,6.6,19.5,42.1,6.8,383,58.5,14.1,25.1,4.1,15.4,7.2,4.8,6.7,383,34.9,39.4,23.7,48.0,6.8,383
27,MT,1,45.2,20.5,7.7,45.4,40.7,33.4,7.3,14.1,31.3,10.1,21.8,10.7,20.1,45.2,7.7,214,48.8,8.7,17.7,2.5,7.4,4.7,0.7,7.7,214,21.5,30.3,16.0,41.8,7.6,214
28,NC,1,50.9,17.1,5.1,56.7,48.2,36.3,6.9,6.7,24.8,8.3,17.6,6.7,24.1,37.1,5.1,450,49.1,8.8,19.6,4.6,9.5,3.7,3.3,5.1,450,33.6,36.3,17.6,43.8,5.1,450
29,ND,1,58.2,29.6,5.8,60.4,51.7,34.6,8.9,18.7,33.5,12.5,32.2,5.7,22.9,46.7,11.2,165,55.8,11.1,22.0,5.2,17.0,12.9,1.3,10.8,165,20.4,32.1,20.8,52.1,11.0,165
30,NE,1,51.5,22.4,8.8,56.1,42.8,35.7,10.0,15.2,26.6,9.7,21.8,6.4,21.1,44.9,6.8,329,59.3,16.2,15.2,0.6,9.7,6.5,2.7,6.7,329,27.1,31.0,14.1,42.5,6.8,329
31,NH,1,46.0,22.4,4.8,55.7,44.8,38.6,8.8,8.1,33.1,12.1,22.6,9.8,25.6,41.7,6.5,352,51.6,9.6,16.8,3.8,12.1,5.0,3.8,6.5,352,32.9,28.1,13.6,47.0,6.5,352
32,NJ,1,53.2,16.5,5.4,46.6,51.2,44.3,7.5,9.4,25.6,10.7,18.2,6.8,23.0,40.7,5.4,476,50.1,11.6,23.5,2.3,16.8,4.9,3.1,5.4,476,37.2,36.9,12.8,40.7,5.3,476
33,NM,1,57.7,24.3,7.1,55.6,52.0,28.7,8.6,11.6,29.5,14.7,29.4,3.7,33.8,39.7,13.4,121,41.3,5.6,28.0,1.0,13.1,7.2,5.5,14.1,121,26.2,26.7,15.8,41.3,13.4,121
34,NV,1,48.0,14.0,7.9,55.9,43.3,41.1,8.5,9.9,30.9,13.8,23.7,11.2,29.6,38.2,6.1,437,42.7,16.0,23.5,4.1,13.6,4.4,2.0,6.1,437,36.3,37.3,24.4,38.9,6.0,437
35,NY,1,54.3,19.9,5.3,56.7,50.3,43.0,9.1,15.0,23.0,10.4,17.0,7.1,20.0,33.9,5.0,542,46.7,15.5,29.2,7.3,16.5,6.4,6.1,5.0,542,41.8,37.0,17.5,39.1,4.9,542
36,OH,1,45.5,19.7,4.6,55.9,44.8,35.2,6.6,9.0,25.7,9.2,19.9,6.4,19.2,35.3,4.9,477,45.5,13.6,16.2,3.5,9.5,3.9,2.7,4.9,477,26.6,35.3,13.3,46.2,4.9,477
37,OK,1,48.5,17.6,7.1,59.1,41.9,34.3,7.8,6.1,29.1,11.6,23.4,8.3,23.9,44.5,5.9,426,56.3,8.8,18.9,4.9,10.9,5.1,5.1,5.8,426,24.4,40.4,12.9,45.3,5.9,426
38,OR,1,50.2,18.3,7.9,41.9,36.0,30.5,8.0,7.6,32.6,11.4,24.6,9.5,22.7,42.4,5.4,443,45.6,11.7,25.5,6.0,9.4,2.3,2.6,5.4,443,29.9,26.8,20.5,31.0,4.9,443
39,PA,1,45.3,16.6,4.4,55.6,49.0,39.0,6.9,10.5,27.7,9.9,18.8,7.0,18.7,35.5,5.0,467,45.2,10.7,16.7,3.7,8.0,4.2,2.9,5.0,467,36.5,32.4,19.2,40.4,4.9,467
40,RI,1,53.5,24.9,9.4,63.7,53.8,48.9,8.9,13.3,29.3,8.7,23.6,9.2,18.8,38.7,7.3,298,50.9,8.6,18.5,5.8,13.4,7.9,3.3,7.2,298,37.2,37.9,23.8,43.3,7.2,298
41,SC,1,48.3,15.4,3.6,55.2,45.2,35.1,6.1,5.3,27.2,7.4,14.3,4.5,19.3,40.6,5.6,434,46.8,11.3,21.5,2.1,8.9,3.9,2.7,5.6,434,34.3,34.0,15.3,44.8,5.6,434
42,SD,1,46.4,26.2,5.4,62.6,41.0,24.6,5.6,8.7,31.3,14.8,31.2,10.8,20.9,42.5,9.4,182,59.8,9.1,20.3,2.0,7.1,7.5,1.0,9.4,182,27.5,32.8,13.4,31.0,8.9,182
43,TN,1,46.7,16.0,4.8,54.6,47.4,40.1,6.0,8.4,23.2,9.1,19.0,7.7,22.3,39.9,5.5,436,48.8,11.1,17.6,1.8,11.8,5.2,4.2,5.5,436,33.7,40.3,16.1,44.5,5.5,436
44,TX,1,47.7,21.5,7.2,56.0,47.3,35.3,6.5,6.5,23.9,11.8,18.4,5.6,25.9,43.0,5.4,538,48.1,15.5,28.1,4.5,14.5,7.2,3.4,5.4,538,35.0,39.9,16.5,42.8,5.3,538
45,UT,1,58.7,21.1,6.1,47.2,36.5,25.8,5.9,8.2,35.3,14.7,27.3,9.9,26.3,44.9,6.0,411,55.4,14.3,20.9,4.0,14.1,6.5,2.4,5.9,411,26.3,38.8,12.4,34.7,5.9,411
46,VA,1,50.6,19.7,6.6,53.0,48.8,39.7,6.1,10.7,25.4,10.5,20.7,9.0,20.9,36.8,5.2,471,47.0,15.6,25.6,5.4,14.6,5.0,5.9,5.2,471,40.1,35.0,19.4,38.9,5.1,471
47,VT,1,48.7,21.0,5.2,50.6,55.6,40.8,17.3,16.7,30.4,12.9,22.4,7.1,17.7,35.5,9.0,176,46.5,9.8,7.8,5.6,12.0,4.1,2.3,8.9,176,40.8,32.1,19.9,27.1,8.8,176
48,WA,1,43.7,18.2,4.8,48.8,40.3,38.0,7.0,12.2,33.8,7.2,21.5,9.5,30.3,37.1,6.2,368,47.8,14.2,22.8,4.4,12.2,1.9,4.9,6.2,368,40.2,29.5,23.4,32.3,6.2,368
49,WI,1,45.7,22.9,4.1,60.4,49.6,34.1,9.5,9.6,31.8,10.1,21.3,7.4,21.3,42.2,5.3,436,51.3,9.3,13.4,4.2,7.9,5.6,2.8,5.3,436,28.5,32.7,14.1,41.2,5.2,436
50,WV,1,54.4,15.1,3.0,53.9,38.0,37.8,3.4,9.0,25.1,9.2,20.6,4.5,19.5,47.3,6.3,363,63.4,10.6,20.0,2.6,4.1,3.5,2.3,5.9,363,28.8,37.0,12.9,48.7,6.3,363
51,WY,1,54.0,23.9,7.7,26.3,35.4,28.0,7.4,7.1,23.2,11.1,27.5,5.5,20.8,53.1,11.0,145,51.9,2.0,24.7,3.7,14.5,5.3,2.8,11.0,145,25.5,31.3,18.9,32.1,10.2,145
52,National,2,48.3,19.6,6.4,52.4,45.3,35.6,7.8,10.4,27.0,10.7,18.4,7.3,20.2,37.7,0.0,1290,46.9,13.1,22.3,4.1,13.2,5.8,3.1,0.0,595,33.9,35.8,16.8,27.0,0.0,3266
53,AK,2,43.0,21.6,2.1,46.4,35.3,22.1,9.7,7.7,25.0,15.4,23.4,8.6,17.6,34.9,10.5,135,52.8,5.4,20.7,4.1,11.0,6.6,3.5,10.4,135,27.7,26.8,21.2,23.2,9.4,135
54,AL,2,46.6,17.7,5.5,52.7,47.3,37.7,4.7,6.5,25.7,9.5,15.8,5.0,21.0,44.0,6.4,384,52.4,15.6,20.7,1.0,11.5,4.7,5.3,6.4,384,36.0,41.3,15.8,27.1,6.4,384
55,AR,2,45.3,18.0,3.4,48.2,37.7,25.8,4.1,5.3,24.0,9.4,15.7,4.1,19.5,46.2,7.1,366,56.1,7.5,20.6,1.4,6.9,4.3,2.8,7.2,366,20.9,35.9,8.6,38.4,7.2,366
56,AZ,2,38.8,21.2,6.4,48.6,38.5,34.8,5.8,10.5,28.0,9.1,13.5,8.7,19.3,29.6,7.6,320,37.7,15.4,26.0,3.7,11.1,2.5,3.2,7.3,320,34.1,37.8,14.6,23.4,7.3,320
57,CA,2,47.5,18.6,7.1,53.6,45.3,35.7,10.1,9.7,29.1,12.9,16.8,6.9,23.2,38.1,4.5,730,42.6,16.2,26.3,4.9,19.4,7.0,4.0,4.5,730,39.6,32.4,20.7,24.1,4.4,730
58,CO,2,49.6,17.4,7.4,48.1,42.7,30.8,7.0,8.2,30.8,11.1,23.4,7.8,17.2,33.7,6.3,389,40.7,9.3,15.6,4.3,10.3,4.0,3.3,6.1,389,31.7,32.3,12.9,23.5,5.9,389
59,CT,2,49.7,24.6,6.5,57.4,52.3,45.0,6.5,14.2,32.5,11.6,16.7,7.0,24.2,38.3,6.5,358,47.7,12.2,20.8,3.6,15.0,5.7,2.9,6.4,358,39.2,36.9,21.1,30.8,6.4,358
60,DC,2,58.5,27.2,12.1,49.5,53.6,39.3,15.7,16.9,38.2,17.9,23.3,13.1,30.2,43.2,10.3,168,47.7,26.0,36.7,5.8,31.3,13.2,3.8,10.3,168,54.5,43.6,19.5,28.1,10.4,168
61,DE,2,50.7,18.6,4.2,51.2,49.9,44.9,8.3,9.2,29.5,10.8,26.7,8.6,21.7,37.7,6.5,340,46.8,9.4,18.5,2.0,14.8,4.3,1.6,6.5,340,35.4,37.4,18.5,29.5,6.3,340
62,FL,2,43.3,20.1,5.7,57.7,46.1,40.0,8.2,8.9,24.7,8.5,12.2,6.5,19.3,31.9,4.4,667,44.8,14.0,25.1,3.3,13.0,6.1,3.1,4.4,667,38.4,36.6,17.8,27.1,4.3,667
63,GA,2,51.4,21.1,7.2,54.3,42.1,38.7,5.6,10.0,22.3,9.7,17.8,7.2,20.6,38.7,5.5,496,49.1,13.0,24.6,3.4,16.6,4.8,3.6,5.5,496,35.2,40.8,14.7,31.0,5.4,496
64,HI,2,45.7,21.9,5.4,56.7,35.9,35.2,9.6,12.7,22.5,9.4,11.8,6.0,16.3,36.3,8.8,217,38.9,9.3,26.4,2.5,21.7,5.8,3.9,8.3,217,31.7,30.3,15.2,21.4,8.3,217
65,IA,2,50.2,19.4,6.3,55.1,42.5,29.1,6.4,7.6,24.6,9.1,19.3,7.3,17.1,39.1,6.0,389,50.4,11.3,15.7,3.8,7.0,4.7,0.5,6.0,389,26.8,28.7,13.7,28.8,5.7,389
66,ID,2,46.1,21.4,6.1,42.4,37.8,23.2,7.7,10.8,27.4,9.6,14.7,5.7,20.1,42.4,6.4,359,46.5,7.4,24.1,3.9,10.4,2.9,2.1,6.4,359,23.3,32.6,10.9,26.9,6.2,359
67,IL,2,48.1,20.3,7.3,46.2,47.8,32.3,9.2,8.3,24.9,8.2,16.6,4.4,18.0,37.8,4.9,533,46.0,16.2,18.7,3.1,12.0,6.2,3.3,4.9,533,32.3,31.4,15.7,22.9,4.5,533
68,IN,2,49.6,25.2,4.8,54.6,43.2,35.9,7.2,15.9,25.0,9.5,20.7,6.5,15.9,40.1,5.8,445,49.3,8.8,14.3,4.1,7.8,5.5,1.1,5.8,445,26.4,34.9,13.8,33.1,5.7,445
69,KS,2,52.7,26.8,6.2,52.8,42.6,31.0,8.9,11.3,29.5,12.7,20.5,5.3,23.2,39.5,6.0,442,49.5,12.4,16.4,5.9,9.6,7.5,1.8,5.9,442,32.0,31.2,14.8,27.4,5.7,442
70,KY,2,53.6,18.0,5.6,54.8,40.3,27.8,7.8,8.7,24.0,7.8,14.3,5.1,17.2,35.3,5.9,401,47.5,10.0,16.4,1.7,7.6,5.8,3.1,5.9,401,23.7,31.1,12.7,28.8,5.7,401
71,LA,2,51.5,21.8,2.6,62.5,41.6,32.4,4.7,10.1,27.9,9.5,18.8,6.6,21.0,37.3,6.8,390,50.0,11.6,22.3,2.4,13.3,6.4,2.0,6.8,390,31.5,35.9,14.4,37.6,6.7,390
72,MA,2,55.2,21.1,6.5,56.0,51.2,40.3,7.7,10.6,26.5,10.6,16.4,5.7,17.7,35.5,5.0,475,42.0,16.1,19.4,4.2,12.0,8.6,3.1,4.9,475,37.0,31.9,18.9,29.2,4.9,475
73,MD,2,49.1,22.0,10.0,47.0,43.9,36.9,9.7,10.1,22.9,10.7,20.3,5.7,21.5,30.6,5.8,402,38.9,13.4,22.4,3.3,14.3,5.0,3.9,5.6,402,39.5,36.7,17.8,22.4,5.7,402
74,ME,2,51.9,17.9,6.0,46.2,42.4,31.1,7.7,13.2,37.2,12.9,21.3,5.2,14.2,37.6,5.8,373,50.5,8.2,15.3,3.7,8.3,4.4,2.4,5.7,373,28.5,32.3,20.0,28.2,5.4,373
75,MI,2,49.0,17.4,4.6,51.1,46.0,39.2,6.8,6.6,27.5,12.4,18.0,6.9,17.7,35.2,4.9,529,46.6,11.3,18.8,2.3,9.5,3.3,3.2,4.9,529,29.5,37.5,14.6,26.0,4.8,529
76,MN,2,48.3,22.2,6.3,54.1,42.8,28.7,10.8,8.6,29.1,7.0,20.4,8.2,16.5,36.3,5.8,422,43.9,11.8,17.5,5.2,9.4,5.3,3.2,5.8,422,29.8,29.5,16.5,18.9,5.3,422
77,MO,2,47.5,19.1,4.0,53.1,42.7,29.8,6.9,7.7,29.2,8.7,15.9,6.9,18.0,37.6,5.1,479,49.5,9.6,16.7,3.7,8.0,3.9,0.8,5.1,479,24.0,36.6,14.6,26.2,5.1,479
78,MS,2,52.4,20.9,7.0,59.3,46.8,32.6,2.5,6.1,23.9,12.2,21.6,7.0,18.8,45.5,7.4,348,58.0,12.6,23.9,4.1,14.0,4.9,3.6,7.5,348,28.0,44.4,23.7,35.1,7.4,348
79,MT,2,43.6,22.4,5.3,46.5,44.0,38.0,8.1,13.4,25.4,9.4,19.6,5.7,22.8,34.3,7.6,256,42.9,3.3,13.3,0.7,7.4,6.0,0.7,7.5,256,25.3,28.4,18.6,22.3,7.0,256
80,NC,2,45.0,15.1,5.6,53.0,50.7,38.4,6.4,7.6,24.7,9.5,17.3,6.3,18.6,36.7,5.0,526,50.4,11.8,22.4,4.5,10.2,3.6,2.8,5.0,526,36.9,39.4,17.7,28.4,4.9,526
81,ND,2,56.1,28.4,4.3,51.5,51.4,33.7,7.9,16.8,29.7,14.3,26.7,8.7,24.0,42.5,8.6,212,56.7,15.8,19.5,6.9,18.2,14.0,3.4,8.5,212,30.7,35.2,19.7,26.0,8.4,212
82,NE,2,49.0,22.1,5.7,50.7,43.5,30.2,6.0,16.4,29.9,13.0,18.9,6.8,20.4,46.2,7.6,264,55.7,14.0,19.2,4.1,10.9,7.5,0.8,7.5,264,29.5,30.3,11.5,29.9,7.0,264
83,NH,2,50.2,20.7,7.3,57.8,51.8,45.8,7.3,9.0,33.3,11.4,16.0,6.9,21.3,36.6,5.8,370,45.5,11.6,19.7,3.8,10.2,5.0,3.0,5.7,370,36.5,30.8,14.6,33.0,5.6,370
84,NJ,2,50.5,20.9,6.1,47.3,52.8,45.2,6.7,12.8,28.6,8.5,16.8,7.4,15.2,35.8,4.8,541,43.3,13.8,22.2,3.6,17.3,5.3,2.9,4.8,541,39.8,40.5,16.9,28.0,4.8,541
85,NM,2,42.1,9.2,3.0,52.5,43.8,20.7,14.8,10.3,33.1,9.9,21.4,7.7,17.1,38.0,10.4,211,40.0,6.7,16.7,2.3,7.8,3.5,3.3,10.1,211,32.6,26.5,15.3,19.9,10.0,211
86,NV,2,47.0,19.3,7.5,54.8,43.2,42.9,10.9,13.2,25.3,12.0,16.6,8.2,24.7,38.6,6.2,397,50.9,14.9,31.4,6.9,18.0,8.1,3.4,6.1,397,38.4,41.8,22.6,29.4,6.1,397
87,NY,2,44.5,21.3,7.1,52.9,49.9,40.2,7.2,14.7,24.4,11.5,16.0,7.9,19.0,31.9,4.5,625,43.7,16.8,19.1,4.7,17.9,5.6,5.5,4.4,625,41.1,35.6,17.8,26.4,4.4,625
88,OH,2,47.5,17.3,4.4,56.6,42.0,35.5,8.4,11.2,22.2,8.5,19.0,4.8,16.2,34.6,4.8,531,48.1,11.3,18.5,3.8,8.3,4.2,2.8,4.8,531,31.3,37.1,15.4,30.5,4.7,531
89,OK,2,46.7,17.2,5.0,55.2,42.5,27.4,5.9,7.9,23.2,9.9,16.8,5.5,24.5,38.1,7.3,333,45.6,9.3,17.8,3.4,6.6,3.9,0.7,7.3,333,27.2,31.5,12.5,26.6,7.0,333
90,OR,2,46.8,19.2,7.8,41.4,37.0,32.1,5.4,8.8,28.6,13.5,23.0,9.2,19.7,35.8,5.5,410,44.0,8.7,17.0,5.8,10.1,4.3,2.6,5.4,410,32.0,26.9,15.5,21.9,5.1,410
91,PA,2,44.5,17.0,5.4,54.6,49.1,40.6,5.5,9.4,25.5,7.7,16.9,5.1,17.3,34.6,4.6,566,42.3,12.2,18.1,2.7,11.2,5.7,2.6,4.4,566,33.2,35.3,16.5,25.0,4.4,566
92,RI,2,48.7,20.1,8.6,62.6,57.3,41.1,9.9,13.7,30.1,7.7,23.7,8.7,17.0,37.9,6.7,319,43.4,12.3,21.1,6.4,14.8,7.6,2.7,6.6,319,33.8,28.6,25.4,22.4,6.4,319
93,SC,2,42.9,17.4,4.6,55.9,45.7,35.9,6.6,8.5,24.0,7.9,19.5,7.3,17.3,37.7,6.1,425,46.9,11.8,24.3,2.5,11.2,3.8,1.7,6.1,425,30.8,39.7,15.5,31.0,6.0,425
94,SD,2,52.5,30.4,8.1,51.2,52.2,34.6,9.8,11.4,27.0,8.9,20.7,5.5,18.2,37.0,8.0,230,54.2,12.8,22.3,5.5,7.6,4.4,2.1,8.1,230,30.6,33.5,15.4,28.5,7.6,230
95,TN,2,47.9,17.9,3.5,54.3,40.7,30.4,5.0,7.0,22.2,10.8,16.3,7.6,18.1,34.5,5.6,456,48.8,11.5,17.2,2.5,10.9,6.2,1.8,5.6,456,29.4,39.8,12.0,27.6,5.6,456
96,TX,2,50.8,19.3,8.7,51.4,43.0,31.9,8.1,8.0,27.6,10.1,14.5,6.4,20.6,39.0,5.4,582,49.9,16.2,26.7,3.8,18.2,8.2,5.2,5.4,582,34.9,39.1,16.1,30.4,5.3,582
97,UT,2,48.8,19.8,6.3,37.1,36.4,22.9,9.1,8.8,33.5,9.3,24.1,6.9,21.6,41.1,7.1,314,47.2,6.9,26.4,4.7,10.0,3.8,1.7,7.1,314,27.7,33.1,9.5,26.5,6.7,314
98,VA,2,47.8,18.3,4.3,47.6,45.3,38.9,7.0,10.1,24.5,13.7,19.5,8.3,20.5,35.1,4.8,511,44.7,14.0,23.2,4.5,16.6,6.8,4.2,4.8,511,35.8,34.7,18.4,27.7,4.6,511
99,VT,2,50.0,18.6,4.7,52.2,46.8,33.4,7.9,17.8,30.7,8.6,22.1,10.7,21.3,42.6,7.7,242,52.3,8.8,22.4,3.5,18.1,7.5,2.7,7.8,242,35.9,29.5,13.7,22.1,7.2,242
100,WA,2,47.0,17.9,8.3,51.1,38.9,36.6,7.3,13.4,32.9,12.8,19.0,9.5,26.5,41.4,5.5,436,49.3,16.3,23.9,2.7,10.0,4.8,4.4,5.5,436,39.1,28.2,23.5,22.2,5.4,436
101,WI,2,47.6,17.1,7.5,53.7,45.0,29.7,8.8,11.1,28.6,9.7,21.4,7.8,17.4,35.7,5.0,549,47.1,9.5,19.3,4.6,8.1,4.3,1.7,5.0,549,28.1,32.4,13.7,20.7,4.8,549
102,WV,2,51.5,16.6,4.6,54.4,43.0,41.6,7.8,11.5,29.2,10.4,22.5,6.8,19.1,43.1,6.7,327,54.8,8.8,16.8,2.8,6.5,3.7,3.8,6.7,327,24.8,38.6,16.8,28.7,6.6,327
103,WY,2,41.6,17.3,7.1,25.6,25.6,33.0,3.5,11.4,39.8,8.7,24.0,5.4,19.9,35.2,12.4,115,41.5,11.1,19.9,1.4,16.7,6.2,0.2,12.4,115,21.1,38.8,11.1,27.0,11.9,115
104,National,3,46.4,19.0,6.3,50.3,42.8,34.3,8.4,10.1,27.3,9.7,17.6,7.3,19.0,37.7,0.0,1183,45.0,13.1,20.7,4.8,12.8,5.6,3.0,0.0,523,34.0,33.3,16.9,22.3,0.0,2933
105,AK,3,41.3,27.0,7.9,34.4,21.5,23.5,5.3,1.4,24.7,15.0,22.0,10.5,21.1,55.0,12.8,104,55.1,10.6,20.9,13.8,13.2,3.9,7.2,12.9,104,24.8,28.0,16.4,13.9,11.3,104
106,AL,3,49.9,21.6,4.8,53.9,48.1,39.4,6.5,9.3,33.3,9.3,12.0,7.1,20.7,41.1,7.0,356,49.0,15.3,22.0,2.0,11.9,6.9,3.0,7.0,356,32.1,41.0,13.4,23.0,7.0,356
107,AR,3,40.5,18.5,4.0,53.2,37.3,25.9,5.9,4.4,26.1,10.0,16.4,4.9,22.4,41.8,7.3,297,51.2,6.8,18.5,2.1,9.1,5.5,2.0,7.3,297,30.3,33.8,11.9,30.9,7.0,297
108,AZ,3,50.3,20.4,5.1,48.2,38.1,34.3,6.0,9.3,27.2,11.4,21.1,8.6,19.4,38.0,5.5,477,41.8,15.1,19.2,4.0,10.9,7.9,2.8,5.4,477,32.6,39.0,13.3,22.3,5.5,477
109,CA,3,43.4,19.8,6.9,47.1,45.7,35.1,8.6,11.2,27.1,10.2,18.5,8.7,21.5,38.0,4.2,877,42.1,15.0,27.7,5.6,17.4,6.6,3.6,4.1,877,40.3,27.7,19.8,22.1,4.1,877
110,CO,3,41.3,18.9,9.4,41.5,35.6,27.5,10.5,9.4,26.4,7.5,14.6,8.5,12.9,33.3,5.8,390,39.6,10.5,16.3,5.1,10.7,5.1,1.5,5.6,390,26.3,28.2,16.1,16.5,5.4,390
111,CT,3,45.6,21.2,6.0,55.8,46.2,42.6,13.0,12.6,27.0,12.8,13.3,6.7,25.7,38.1,8.6,243,46.7,11.9,20.4,7.1,14.4,6.9,1.6,8.5,243,36.4,36.0,20.2,19.3,8.6,243
112,DC,3,53.5,16.0,11.0,41.3,44.0,38.2,8.0,9.5,30.3,11.5,27.7,9.9,33.7,42.3,12.5,120,45.0,32.8,36.6,5.0,22.5,9.3,6.2,12.4,120,57.7,47.3,13.8,19.0,12.4,120
113,DE,3,44.8,13.4,5.7,47.4,45.6,45.1,5.8,10.1,26.7,5.6,13.8,4.0,19.7,33.3,7.4,263,38.2,12.2,22.2,5.3,11.8,6.8,2.5,7.1,263,30.0,38.8,22.3,20.0,7.3,263
114,FL,3,45.2,19.3,6.0,53.2,43.1,41.1,8.8,13.3,24.6,11.4,14.1,7.7,14.3,37.2,4.8,607,43.5,15.8,21.2,4.6,16.4,5.4,4.7,4.8,607,38.2,39.2,16.8,26.0,4.8,607
115,GA,3,46.3,18.7,4.7,47.4,40.4,37.8,7.5,8.9,27.9,9.3,15.0,7.3,17.1,40.0,5.8,433,45.9,14.9,16.6,5.1,17.9,7.2,3.1,5.8,433,37.9,37.6,15.9,24.1,5.7,433
116,HI,3,45.9,26.5,5.7,60.6,38.0,34.3,11.9,14.3,27.0,6.0,17.2,6.9,24.7,38.5,7.8,272,41.6,7.2,27.1,5.1,16.7,2.7,2.1,7.6,272,39.2,28.5,14.1,14.5,7.5,272
117,IA,3,47.7,17.5,7.5,50.7,41.2,29.1,7.5,7.9,26.6,9.1,16.4,7.7,16.0,40.3,7.5,244,46.3,12.3,19.6,5.3,8.4,4.6,2.6,7.4,244,26.7,26.3,15.3,22.6,6.8,244
118,ID,3,46.1,16.8,6.2,45.2,39.3,24.3,8.1,8.8,32.2,7.5,14.6,4.6,17.5,36.4,6.1,370,42.5,7.6,15.1,6.4,7.8,2.8,1.1,6.0,370,24.6,28.7,12.4,17.8,5.7,370
119,IL,3,46.3,18.6,6.9,47.4,47.4,32.6,8.5,10.7,30.0,8.4,15.5,5.8,18.1,41.2,4.7,521,46.4,15.6,15.3,4.7,16.7,7.4,4.5,4.7,521,33.3,32.1,18.5,21.1,4.4,521
120,IN,3,48.4,15.4,4.3,47.8,40.6,31.0,4.7,9.3,22.1,8.6,16.3,5.9,14.6,37.0,6.1,378,40.4,7.0,14.9,3.6,7.9,5.3,0.5,5.9,378,26.2,30.5,12.0,19.4,5.8,378
121,KS,3,40.3,15.6,11.3,49.9,36.9,31.3,10.7,14.1,27.3,16.8,23.1,6.9,19.2,33.2,7.7,240,48.5,16.4,12.9,7.4,12.9,9.0,6.1,7.7,240,33.5,30.7,14.3,25.4,7.4,240
122,KY,3,50.0,20.0,5.2,55.4,41.8,30.3,5.2,6.9,24.9,7.7,16.7,6.0,21.7,36.8,6.8,331,48.6,9.0,16.8,1.8,8.8,2.7,0.9,6.8,331,27.0,30.2,15.4,26.7,6.4,331
123,LA,3,43.5,21.4,2.4,56.9,42.2,30.5,3.4,7.0,22.0,9.0,14.5,4.4,12.1,34.4,6.7,361,48.7,13.2,19.6,2.6,12.6,5.9,2.6,6.8,361,29.3,39.3,12.6,25.1,6.7,361
124,MA,3,49.8,18.1,7.2,53.3,46.1,37.0,9.6,10.7,30.2,8.2,15.3,9.0,19.2,34.8,5.4,437,42.7,12.1,20.9,5.5,12.4,3.9,3.9,5.4,437,38.2,29.6,15.8,22.8,5.3,437
125,MD,3,52.0,23.5,6.5,47.3,42.9,34.5,13.2,10.7,30.5,12.0,22.3,9.3,26.6,38.6,6.0,399,41.3,20.1,18.6,7.8,16.4,7.3,4.9,5.9,399,40.2,31.5,16.4,19.3,5.9,399
126,ME,3,47.2,19.9,5.7,50.3,43.7,32.6,5.8,14.0,32.3,6.6,14.8,4.3,11.7,32.2,5.8,370,41.6,5.7,15.5,2.3,7.2,4.1,2.0,5.6,370,27.1,26.4,16.5,20.8,5.1,370
127,MI,3,47.9,19.1,7.7,51.7,46.7,37.0,8.3,8.8,27.2,9.1,17.2,8.9,21.7,39.1,5.3,482,49.8,11.8,20.5,3.9,10.0,3.8,1.4,5.3,482,36.1,34.6,15.4,22.3,5.2,482
128,MN,3,48.7,22.7,8.5,48.3,42.4,21.5,10.5,16.9,33.8,11.9,23.6,10.0,19.2,37.2,6.5,338,45.0,14.2,17.2,5.4,7.7,4.2,1.5,6.5,338,28.8,28.3,15.0,22.1,6.0,338
129,MO,3,41.7,18.8,6.4,53.8,40.3,28.7,9.4,7.4,28.8,10.5,19.4,6.7,17.7,36.1,5.5,454,45.0,8.4,16.0,3.2,10.0,4.5,4.1,5.5,454,23.1,31.7,15.2,23.6,5.2,454
130,MS,3,58.2,17.6,3.6,55.6,41.2,33.0,9.6,7.4,20.8,12.1,23.4,6.3,17.7,40.6,9.2,230,51.0,11.8,21.1,0.4,15.6,7.9,3.2,9.2,230,27.1,37.6,14.5,25.6,9.1,230
131,MT,3,37.3,21.6,5.7,34.8,33.7,31.4,9.7,8.8,38.5,5.0,23.4,10.3,16.7,32.1,11.4,130,43.9,7.8,14.0,4.9,8.3,4.6,2.1,11.6,130,19.8,36.8,14.6,26.2,11.6,130
132,NC,3,45.2,16.1,5.9,58.0,44.1,32.6,5.2,7.5,26.2,11.4,19.6,5.2,15.8,36.1,5.4,512,46.5,10.4,16.5,2.9,8.6,4.4,2.1,5.4,512,31.7,38.6,15.9,26.2,5.5,512
133,ND,3,49.1,21.6,5.5,58.6,38.9,28.5,8.0,11.3,28.7,7.9,18.8,6.3,17.7,43.4,9.2,212,50.7,10.4,26.4,3.6,12.4,8.5,2.5,9.2,212,18.7,31.0,16.3,30.7,9.2,212
134,NE,3,39.2,15.6,2.9,53.1,38.1,33.5,10.3,9.9,21.0,5.5,16.6,6.5,14.7,36.9,9.9,159,40.4,9.9,21.4,3.3,7.8,4.0,1.0,9.6,159,26.0,30.5,11.4,20.4,9.4,159
135,NH,3,46.7,17.2,3.3,54.7,50.6,38.5,7.3,13.8,28.7,7.7,18.0,6.9,17.6,32.2,6.0,351,37.2,9.1,16.1,2.9,6.5,3.0,1.5,5.7,351,33.1,23.8,17.1,19.0,5.6,351
136,NJ,3,45.5,19.9,6.0,41.2,48.5,43.7,8.7,11.2,24.2,9.9,16.4,7.6,20.4,38.6,4.8,529,44.8,15.9,21.8,6.3,16.9,5.3,4.2,4.8,529,38.3,33.1,17.1,20.5,4.7,529
137,NM,3,47.7,16.4,7.9,50.7,44.8,26.3,8.0,11.8,31.5,8.8,19.3,7.2,20.3,45.9,11.3,163,47.7,10.2,30.9,4.5,12.4,9.1,5.4,11.3,163,26.0,39.0,14.5,17.5,11.2,163
138,NV,3,46.0,17.4,8.2,53.0,39.5,41.2,9.3,9.3,33.9,10.1,17.9,9.1,24.0,34.5,7.6,282,39.1,12.2,22.6,5.5,12.5,7.7,1.5,7.2,282,39.6,40.4,26.1,18.8,7.4,282
139,NY,3,46.9,21.1,7.4,53.3,48.9,44.4,8.4,11.3,23.5,9.4,13.8,5.2,15.9,38.2,4.7,620,46.2,17.6,24.0,4.5,19.1,6.0,4.4,4.7,620,41.8,33.7,18.4,20.7,4.6,620
140,OH,3,46.5,16.3,4.2,53.0,42.3,32.0,8.8,8.8,23.2,8.4,17.6,7.4,17.0,35.3,5.2,479,43.5,12.9,20.8,4.3,9.0,3.2,1.6,5.2,479,28.2,32.7,15.8,28.0,5.0,479
141,OK,3,48.1,17.9,6.0,57.0,41.7,34.9,7.8,8.7,27.8,12.1,15.3,8.9,19.1,46.3,7.4,288,47.3,15.8,18.3,4.6,14.1,4.9,3.2,7.4,288,29.4,33.8,14.3,29.3,7.0,288
142,OR,3,50.0,17.9,8.3,40.5,36.5,29.5,9.4,12.8,36.3,14.8,26.8,10.7,19.8,43.9,5.5,412,47.1,13.7,20.8,5.3,10.4,2.5,3.6,5.5,412,31.4,29.3,18.2,21.7,5.1,412
143,PA,3,40.4,17.7,4.8,51.2,45.9,37.1,7.1,11.9,21.4,6.9,16.3,6.4,15.0,33.9,4.6,545,45.2,9.0,14.7,3.1,7.6,4.4,2.9,4.5,545,31.8,28.5,16.8,23.5,4.2,545
144,RI,3,44.9,19.0,6.1,62.8,56.8,44.7,6.6,12.4,27.1,12.6,24.5,9.1,22.1,43.7,9.2,178,42.5,15.0,24.1,8.6,12.7,6.7,1.8,9.0,178,44.6,29.4,28.4,17.7,9.2,178
145,SC,3,48.0,16.2,3.4,49.4,40.8,29.4,4.6,7.9,23.8,9.2,15.1,6.1,21.3,35.6,6.3,347,40.4,9.6,15.8,2.0,7.5,4.8,2.3,6.1,347,28.4,37.3,11.1,23.5,6.2,347
146,SD,3,44.7,17.5,3.8,50.6,44.2,24.2,6.4,12.2,27.1,7.0,20.6,9.4,20.1,37.8,9.0,178,49.0,8.9,14.8,6.2,3.5,3.8,1.2,9.0,178,28.2,26.4,16.1,22.9,8.0,178
147,TN,3,45.2,18.5,4.4,50.9,41.8,36.0,5.8,6.3,20.7,7.9,15.0,3.8,12.5,37.4,5.8,391,52.5,10.2,15.8,4.0,11.5,3.1,2.1,5.8,391,36.1,33.6,18.7,25.5,5.7,391
148,TX,3,42.7,20.1,5.6,52.3,41.8,30.2,10.2,7.5,26.5,8.6,15.0,5.4,22.5,37.7,4.9,621,44.2,11.1,23.4,4.1,13.2,6.0,3.7,4.9,621,31.9,40.2,15.5,18.4,4.9,621
149,UT,3,52.1,14.8,4.6,42.0,38.6,14.9,11.6,8.1,32.6,11.1,23.4,8.5,23.2,40.3,8.2,274,47.4,12.6,21.5,4.6,13.4,4.6,7.0,8.1,274,31.4,29.9,17.2,20.1,7.8,274
150,VA,3,49.7,21.5,5.6,48.7,43.8,39.0,8.3,10.3,24.8,12.0,21.0,11.5,24.3,36.2,5.2,455,43.0,13.1,24.3,6.0,15.2,5.9,1.9,5.1,455,33.9,32.1,16.4,25.7,4.9,455
151,VT,3,38.6,27.6,6.2,48.0,43.4,28.7,9.3,15.3,32.8,11.8,21.1,10.8,16.6,36.5,9.0,163,43.6,6.3,10.2,2.7,8.5,3.2,3.2,8.9,163,30.9,13.4,19.0,16.9,8.2,163
152,WA,3,46.6,20.0,8.5,46.8,39.0,31.8,10.5,8.6,33.1,10.4,22.6,13.9,20.8,41.8,5.1,496,51.0,14.4,21.6,6.2,13.4,5.1,2.0,5.1,496,34.9,23.4,19.6,23.3,4.8,496
153,WI,3,46.3,24.1,7.3,56.2,48.5,32.9,7.6,11.3,32.7,10.9,20.3,6.9,21.0,36.2,5.9,420,45.4,15.5,17.1,3.6,9.4,7.3,1.9,5.8,420,28.7,30.9,17.8,22.8,5.7,420
154,WV,3,48.8,18.0,5.1,49.7,38.1,31.9,5.3,11.0,25.4,10.8,20.8,4.7,17.9,39.9,9.3,196,56.2,6.0,17.0,3.7,5.0,4.4,1.0,9.4,196,24.1,34.7,14.7,23.9,9.2,196
155,WY,3,37.1,22.1,6.2,23.3,24.2,25.2,4.3,8.3,28.8,8.1,12.6,3.7,18.2,36.5,10.6,108,47.6,7.7,10.3,0.8,9.3,5.1,0.5,11.1,108,25.1,33.6,15.2,29.4,10.8,108
156,National,5,13.0,5.4,1.7,15.8,12.9,10.6,2.1,3.0,7.1,2.6,4.4,1.7,5.0,9.7,0.0,367,12.8,4.0,5.8,1.2,3.9,1.5,0.9,0.0,186,37.3,35.8,18.2,14.7,0.0,3070
157,AK,5,12.0,4.6,1.8,7.4,6.3,6.6,5.6,3.0,4.1,1.4,4.2,1.4,3.0,4.3,6.9,167,8.7,1.7,3.7,1.2,0.4,0.0,0.4,5.3,167,38.7,32.8,23.0,16.2,10.7,167
158,AL,5,13.8,5.5,2.0,14.1,10.5,11.5,2.1,1.3,6.7,1.9,2.4,1.9,5.2,8.5,4.4,413,14.9,2.3,5.2,0.3,3.4,1.7,1.3,4.7,413,34.7,45.2,15.9,13.6,6.1,413
159,AR,5,17.0,7.1,0.2,22.1,15.9,17.2,1.1,4.4,6.5,2.1,4.9,2.1,6.8,12.8,5.9,382,17.0,2.0,2.3,0.7,2.2,0.4,0.6,5.1,382,32.8,36.5,13.0,23.5,6.7,382
160,AZ,5,11.7,4.9,2.5,11.6,8.9,10.0,3.0,3.0,7.7,3.5,5.6,2.8,7.5,9.8,3.7,597,11.5,2.4,5.9,1.0,4.0,1.3,0.2,3.5,597,32.4,43.2,19.4,14.7,5.3,597
161,CA,5,19.8,7.8,2.5,22.1,20.2,14.1,3.8,4.1,12.5,4.1,6.2,2.0,7.2,13.7,3.8,845,16.8,6.8,10.8,2.5,7.0,2.5,0.8,3.2,845,43.7,34.5,20.8,11.4,4.2,845
162,CO,5,9.2,3.3,2.7,14.1,9.9,8.5,2.6,3.7,7.3,1.4,2.9,0.8,4.3,9.1,3.8,482,9.8,4.6,4.3,1.2,2.8,1.1,0.9,3.0,482,31.2,28.5,17.8,12.8,5.5,482
163,CT,5,13.4,4.8,0.8,13.2,12.2,9.2,1.9,1.8,8.7,2.3,3.5,2.7,6.3,8.3,4.3,418,14.6,3.6,4.5,1.5,4.4,2.2,0.5,4.1,418,38.8,34.3,18.1,13.0,5.8,418
164,DC,5,7.2,2.6,0.4,10.0,9.0,6.8,2.7,2.6,4.4,2.6,5.0,1.3,3.2,4.2,4.1,303,7.4,4.2,5.0,0.3,4.5,0.6,0.8,3.1,303,61.3,53.1,23.8,12.4,6.6,303
165,DE,5,10.6,4.9,1.2,15.3,12.3,12.4,1.8,3.1,8.5,2.4,3.5,2.0,5.0,9.4,4.6,355,12.2,5.7,7.6,1.3,3.4,3.4,1.1,4.2,355,44.3,31.5,19.0,10.4,6.4,355
166,FL,5,17.0,6.3,4.0,18.9,12.5,14.6,3.6,2.3,7.4,3.4,5.2,2.1,4.5,11.8,3.4,845,14.6,5.6,9.4,2.2,6.3,2.1,1.4,3.2,845,39.6,39.2,18.6,14.4,4.3,845
167,GA,5,16.0,6.8,3.9,17.0,14.7,14.8,2.2,3.0,8.2,4.3,6.4,2.9,9.4,15.6,4.5,501,18.4,8.0,9.7,2.9,6.5,2.6,3.5,4.3,501,39.6,44.5,17.2,14.1,5.5,501
168,HI,5,14.3,5.3,2.6,18.7,9.8,12.2,2.6,3.6,7.6,2.6,3.7,0.9,3.8,8.0,5.2,451,10.6,1.1,4.1,2.0,2.5,0.9,0.6,4.2,451,45.0,28.6,19.6,15.5,6.2,451
169,IA,5,10.2,3.2,1.0,16.8,12.2,9.3,0.8,4.6,6.3,2.2,4.4,1.3,4.6,8.5,4.8,414,13.6,4.0,1.8,1.4,0.6,0.8,0.1,4.2,414,28.9,30.4,17.0,13.2,6.0,414
170,ID,5,7.3,0.8,0.3,8.3,4.8,1.9,0.0,0.1,2.5,1.2,2.0,0.9,1.3,5.0,3.7,356,6.1,1.3,2.5,0.6,0.2,0.7,0.0,3.3,356,29.7,32.3,19.1,17.8,6.0,356
171,IL,5,12.0,5.5,3.2,16.7,15.0,12.2,3.5,3.5,8.6,1.9,4.5,2.2,5.1,11.1,3.6,554,13.5,5.9,7.9,2.4,2.6,0.6,1.1,3.2,554,37.7,34.4,20.3,11.9,4.7,554
172,IN,5,14.8,6.7,0.7,15.5,15.9,10.7,1.7,2.0,5.7,3.2,6.7,0.3,5.4,9.7,4.6,491,15.7,4.0,4.7,0.7,3.0,2.2,0.4,4.4,491,29.2,32.9,16.1,14.3,5.6,491
173,KS,5,11.5,7.6,1.4,14.9,11.1,8.9,0.9,3.6,8.2,3.1,4.1,0.7,4.0,8.7,4.6,376,13.5,2.5,2.8,0.4,1.7,1.1,1.2,4.0,376,34.1,36.5,16.2,19.0,6.5,376
174,KY,5,11.0,2.7,0.5,13.5,9.9,7.7,1.1,2.1,6.8,1.1,2.7,1.6,3.4,11.2,4.2,444,14.9,3.3,2.7,1.0,2.3,0.5,0.4,4.2,444,27.1,35.4,17.9,17.9,5.8,444
175,LA,5,11.3,4.2,1.3,14.3,11.3,9.7,1.3,2.9,5.3,3.4,4.6,0.6,2.7,10.1,4.9,398,15.0,5.3,2.8,1.7,1.6,0.7,0.6,5.4,398,34.5,38.2,12.3,22.7,6.7,398
176,MA,5,9.9,4.2,2.3,12.8,11.4,8.8,1.9,3.4,5.4,1.7,4.1,0.8,3.3,8.0,3.7,470,10.3,3.0,4.1,1.3,2.3,1.3,0.4,3.0,470,43.0,30.0,20.7,12.6,5.2,470
177,MD,5,13.4,6.9,1.0,15.1,14.8,12.7,3.0,4.5,7.2,2.9,6.1,1.9,4.9,8.9,4.1,457,11.5,5.4,6.6,1.7,5.6,1.7,0.5,3.5,457,40.9,37.4,18.5,11.9,5.3,457
178,ME,5,4.8,1.9,0.5,8.5,9.4,5.3,1.4,0.5,4.8,1.3,4.3,0.0,1.9,4.6,4.0,377,5.1,1.3,2.2,0.2,1.9,0.3,0.4,2.0,377,32.7,31.8,19.8,16.7,5.8,377
179,MI,5,12.5,5.8,1.8,17.8,13.9,10.6,2.3,2.3,7.7,2.0,5.1,2.8,6.5,8.7,4.3,467,13.0,4.2,6.2,0.4,5.8,1.1,1.2,3.8,467,38.3,33.4,16.3,12.4,5.2,467
180,MN,5,10.5,5.6,1.6,14.7,13.5,8.5,2.7,4.8,5.5,2.0,3.4,1.3,3.2,8.5,3.7,492,10.7,2.2,3.3,0.5,1.8,0.7,0.3,3.3,492,34.5,30.6,16.0,17.5,4.9,492
181,MO,5,14.4,4.2,1.3,16.3,13.8,11.3,0.8,2.2,7.3,2.9,4.9,1.4,5.3,8.1,4.4,484,13.7,2.9,4.9,1.0,2.3,0.9,0.9,4.0,484,29.2,38.4,14.3,19.1,5.5,484
182,MS,5,11.6,4.2,2.0,17.4,14.9,10.1,1.9,1.9,4.3,3.0,5.1,1.7,3.5,8.8,5.7,342,13.2,1.9,4.3,0.8,1.8,0.6,0.9,4.7,342,31.5,36.1,15.9,16.4,6.7,342
183,MT,5,10.6,4.7,0.3,11.0,8.7,12.4,0.1,1.7,6.0,1.4,5.4,1.6,2.5,9.2,5.3,297,9.4,1.1,3.5,0.7,2.1,0.0,0.0,4.0,297,29.7,29.9,11.3,14.0,6.5,297
184,NC,5,13.3,3.6,0.4,16.2,13.5,11.3,1.4,1.9,6.3,2.1,4.2,1.8,5.0,10.4,3.6,541,12.9,3.5,4.8,1.0,3.4,2.7,0.7,3.4,541,35.1,37.6,17.0,14.1,5.0,541
185,ND,5,9.9,9.6,0.6,16.3,13.0,11.1,3.0,4.7,3.4,1.0,3.1,0.6,5.3,8.2,7.4,190,15.6,1.4,3.3,0.0,3.2,2.6,0.7,7.4,190,30.3,36.5,11.3,11.8,9.2,190
186,NE,5,11.7,5.8,1.0,15.9,10.9,7.7,0.8,1.0,5.8,2.2,3.2,0.8,2.9,6.1,5.0,382,12.2,1.7,3.1,0.0,1.8,0.7,0.0,4.0,382,32.4,30.6,16.9,15.5,5.9,382
187,NH,5,6.7,4.7,0.8,8.4,7.6,6.3,1.2,2.2,6.1,1.5,2.1,1.5,4.7,5.9,3.4,370,7.8,1.3,1.3,0.3,1.4,0.2,0.0,3.2,370,32.3,25.1,18.6,17.2,5.3,370
188,NJ,5,16.5,5.5,2.0,14.3,16.4,14.8,4.4,2.8,8.0,3.2,6.1,2.6,6.9,13.4,4.0,500,12.5,5.0,8.8,1.9,5.6,3.9,1.2,3.4,500,47.0,32.8,21.1,12.7,5.1,500
189,NM,5,19.0,10.0,1.5,19.0,13.9,5.2,0.5,2.8,6.5,1.1,1.8,0.7,3.2,11.8,7.6,308,15.1,6.9,3.9,0.7,2.0,2.6,0.5,6.4,308,28.5,31.3,19.5,16.6,7.8,308
190,NV,5,9.8,4.1,1.1,16.2,9.3,11.9,2.8,2.9,10.5,3.1,3.5,1.7,4.5,9.3,4.3,392,13.0,3.4,6.8,1.2,3.0,1.1,1.1,4.4,392,40.1,38.6,22.7,12.9,6.3,392
191,NY,5,21.5,8.3,3.0,19.8,18.7,16.1,3.1,5.1,9.4,4.4,6.3,3.9,9.1,14.5,3.7,658,15.6,8.5,9.8,2.0,8.1,2.1,1.6,3.2,658,50.9,32.8,20.5,12.0,4.5,658
192,OH,5,12.9,7.6,0.7,16.9,13.7,12.2,1.7,2.7,6.8,2.5,4.3,1.1,4.9,9.9,3.6,579,11.1,5.0,5.2,1.5,4.7,1.2,1.2,3.0,579,32.1,34.5,16.5,14.7,4.4,579
193,OK,5,16.1,3.1,1.0,17.4,11.3,9.1,0.4,1.4,7.4,3.7,3.8,0.7,7.2,8.7,6.1,362,15.4,3.9,3.5,0.7,4.4,0.1,0.8,5.1,362,28.0,32.4,20.4,15.1,6.8,362
194,OR,5,16.7,4.2,1.1,18.4,12.3,8.5,1.5,2.7,9.9,2.1,5.5,3.3,6.9,12.9,4.6,448,16.3,4.2,4.6,1.1,3.5,0.9,1.0,4.4,448,33.9,30.1,13.9,12.7,5.5,448
195,PA,5,14.7,6.6,1.3,14.6,13.8,9.3,1.1,3.3,7.3,1.9,5.2,1.7,5.0,9.6,3.3,604,13.5,3.2,4.9,1.5,3.4,1.6,1.2,3.1,604,34.9,31.9,17.7,14.4,4.3,604
196,RI,5,8.6,4.7,1.6,14.7,14.4,10.1,0.4,1.7,3.5,2.6,3.8,2.1,2.5,6.2,5.2,308,6.1,2.8,1.7,0.5,1.9,0.6,0.8,3.3,308,38.7,28.2,23.6,10.2,6.5,308
197,SC,5,9.7,3.8,1.1,18.7,15.2,10.0,2.9,2.7,6.9,2.2,3.3,0.9,4.3,10.1,4.8,466,14.3,2.4,3.6,0.3,2.0,0.8,1.8,4.2,466,34.1,39.4,16.8,18.4,5.5,466
198,SD,5,10.0,3.2,2.1,10.7,9.2,7.9,2.0,2.6,6.6,2.8,3.0,1.4,3.2,5.4,4.9,299,7.2,2.1,2.6,0.1,1.8,0.5,0.0,3.5,299,33.5,35.6,15.2,14.8,6.9,299
199,TN,5,12.5,6.5,2.2,20.0,13.2,9.0,2.3,1.9,5.9,3.6,4.7,2.0,4.1,10.3,4.8,481,11.4,3.4,8.9,0.6,3.5,1.7,0.4,3.6,481,35.9,37.3,15.0,18.2,5.5,481
200,TX,5,15.0,5.6,1.7,16.1,14.7,10.4,3.4,2.2,9.3,2.8,4.2,1.4,7.2,11.9,3.2,877,17.1,6.9,9.8,2.1,7.1,2.9,1.9,3.5,877,39.7,41.0,17.0,14.4,4.3,877
201,UT,5,12.9,5.4,0.8,9.3,7.8,6.9,2.2,2.2,9.3,2.4,5.4,1.4,4.4,13.1,4.4,346,15.1,1.2,2.8,1.3,1.6,0.4,1.4,4.9,346,27.2,39.2,13.2,15.9,6.8,346
202,VA,5,14.5,4.9,1.1,16.2,13.5,13.4,1.9,4.7,8.1,3.7,3.6,1.8,6.5,12.3,3.9,569,14.2,5.3,6.8,1.8,6.1,2.7,0.8,3.4,569,37.5,35.4,18.2,13.9,4.7,569
203,VT,5,7.5,3.2,0.0,9.8,8.5,4.6,0.6,2.8,3.3,2.2,4.6,0.4,2.0,5.6,4.8,228,7.9,0.3,1.1,0.5,0.9,0.5,0.3,3.6,228,37.2,22.3,16.7,13.6,7.2,228
204,WA,5,14.9,4.9,1.0,16.2,13.3,8.6,1.8,3.8,7.7,2.4,5.7,1.6,4.7,10.0,4.5,432,12.9,3.8,5.9,0.8,4.4,2.5,0.9,3.8,432,39.6,30.4,19.9,13.7,5.5,432
205,WI,5,11.8,7.5,1.9,18.2,16.0,9.5,2.2,5.0,4.8,2.2,3.3,1.1,3.6,8.7,4.3,469,11.8,2.8,4.0,0.7,1.8,0.1,0.2,3.5,469,35.3,32.1,17.5,12.7,5.0,469
206,WV,5,14.9,4.0,2.0,19.1,12.4,14.1,5.5,5.4,11.4,1.0,5.7,1.9,4.2,11.0,6.0,336,21.0,2.5,3.9,0.6,1.4,0.7,0.8,5.9,336,29.7,41.3,16.5,19.6,6.8,336
207,WY,5,7.7,3.6,1.0,5.7,1.4,2.4,0.7,2.6,6.2,1.4,4.4,0.9,2.8,4.2,4.2,147,5.9,0.6,4.0,0.3,2.0,2.2,0.0,3.7,147,21.2,27.3,11.0,15.3,8.8,147
208,National,7,14.9,6.6,1.8,20.9,17.4,14.3,2.1,4.5,8.9,3.2,5.1,2.0,5.5,10.4,0.0,374,14.6,4.2,6.4,1.3,3.5,1.3,1.0,0.0,217,37.5,37.0,19.0,6.5,0.0,1183
209,AK,7,15.3,9.3,1.8,9.4,8.0,6.5,1.3,3.1,3.7,1.9,4.2,0.8,0.8,7.6,7.9,128,10.4,3.6,3.3,2.9,2.2,0.0,0.0,6.6,128,33.4,26.9,24.5,2.9,10.0,128
210,AL,7,13.7,6.9,2.3,24.2,19.7,16.0,1.4,3.2,5.2,3.4,3.5,1.6,7.2,10.9,5.7,436,20.3,2.9,3.9,0.6,2.8,1.3,1.0,5.1,436,36.4,41.7,19.1,11.5,6.3,436
211,AR,7,14.3,4.8,1.5,19.7,16.6,14.7,0.5,2.4,9.3,2.9,3.0,1.0,7.1,9.5,5.5,387,13.1,2.7,3.1,0.5,2.1,0.3,0.7,4.4,387,31.5,39.0,16.4,14.3,6.7,387
212,AZ,7,12.1,9.0,2.5,20.1,14.2,16.5,2.1,2.9,10.8,3.2,6.0,3.9,4.7,11.5,5.9,332,13.3,6.2,7.2,0.2,5.1,0.6,2.7,5.4,332,29.4,48.0,15.5,6.0,7.7,332
213,CA,7,20.7,10.8,1.2,25.7,22.0,14.9,1.6,5.0,13.7,2.4,5.4,2.0,7.0,10.9,5.1,547,17.6,6.2,9.3,2.0,5.3,2.1,0.9,4.6,547,41.1,39.5,21.9,2.8,5.9,547
214,CO,7,17.2,6.0,2.6,20.0,17.4,13.7,4.0,4.6,12.5,2.7,6.0,3.4,7.3,10.6,5.2,365,16.1,3.8,7.8,1.5,3.7,2.2,0.5,4.5,365,34.8,32.5,20.6,6.6,6.5,365
215,CT,7,18.2,8.7,1.5,22.6,21.8,17.6,1.6,7.5,9.2,4.1,5.1,2.2,7.1,10.4,5.7,406,15.4,5.2,5.8,0.5,2.7,0.9,1.9,4.3,406,45.0,33.3,23.3,4.3,6.2,406
216,DC,7,13.8,7.4,4.3,12.7,14.9,13.8,3.5,6.0,10.9,4.3,6.0,2.4,4.7,11.0,5.3,276,15.1,10.2,12.1,1.7,9.1,1.4,2.6,5.0,276,59.3,46.3,27.0,7.0,7.1,276
217,DE,7,8.8,4.0,1.0,15.6,15.5,15.3,2.5,3.3,5.9,2.4,4.4,1.5,2.8,7.5,5.8,285,9.5,2.1,3.7,0.5,2.4,0.7,1.5,4.4,285,44.9,42.2,20.0,10.8,8.2,285
218,FL,7,19.7,5.1,1.9,25.6,20.4,19.2,1.1,7.8,8.5,4.5,4.7,2.2,4.2,15.5,4.9,490,18.4,6.3,8.5,1.4,5.0,1.4,1.0,4.5,490,37.6,40.9,18.7,3.0,5.6,490
219,GA,7,18.8,8.4,3.3,18.6,15.4,14.3,1.5,4.1,7.8,4.2,3.9,3.6,5.4,10.3,4.6,437,16.1,6.7,9.4,2.4,4.6,2.4,2.1,4.2,437,43.6,43.9,20.8,6.2,5.8,437
220,HI,7,12.0,5.3,2.0,20.2,12.4,13.9,1.2,4.3,10.8,3.1,3.1,2.4,5.5,9.5,5.9,291,10.0,4.3,7.7,1.8,4.8,1.0,1.1,4.6,291,37.9,33.9,17.2,3.0,7.2,291
221,IA,7,12.6,3.3,0.9,19.6,11.3,7.6,1.1,3.6,9.7,1.5,3.4,1.5,3.1,9.4,5.3,412,13.2,3.0,2.8,0.2,2.9,1.1,0.2,4.1,412,27.4,26.9,14.6,6.9,5.5,412
222,ID,7,16.9,4.8,1.2,18.7,13.7,9.5,2.6,1.9,10.0,2.3,5.8,2.1,6.8,11.0,5.4,350,18.5,3.0,4.9,2.0,2.8,1.3,0.1,4.9,350,28.3,30.5,17.8,5.8,6.0,350
223,IL,7,12.5,8.1,1.9,21.6,18.4,12.2,1.3,5.8,7.5,2.0,4.4,1.7,5.7,7.8,4.8,470,14.7,4.6,4.0,1.9,2.6,0.7,2.4,4.1,470,43.0,38.8,18.1,6.4,6.0,470
224,IN,7,9.9,8.1,0.7,18.8,16.4,8.3,1.7,3.5,5.7,3.0,5.8,0.9,6.4,5.5,5.2,319,11.8,3.2,5.3,1.1,1.8,1.2,0.0,4.0,319,39.8,34.6,19.0,2.9,6.8,319
225,KS,7,15.4,8.7,1.0,24.2,15.4,13.0,3.3,4.1,8.3,4.7,6.8,1.8,5.7,11.4,5.6,365,18.5,3.7,3.0,0.5,2.1,0.6,0.4,4.6,365,38.7,39.3,17.9,9.7,6.3,365
226,KY,7,18.7,8.2,1.4,25.6,19.9,16.4,1.3,5.9,7.2,1.4,5.3,0.5,5.5,14.0,5.7,392,19.6,3.5,5.2,1.4,2.7,0.8,1.2,4.8,392,33.7,31.3,17.3,7.5,6.0,392
227,LA,7,11.9,6.9,1.8,27.4,17.3,14.4,2.0,3.1,8.2,4.4,7.0,1.0,6.0,12.5,6.3,404,16.2,5.2,8.4,2.0,4.1,0.9,0.4,4.8,404,35.2,39.8,17.7,14.7,6.7,404
228,MA,7,11.5,6.4,0.8,20.8,17.4,14.1,2.6,5.3,10.9,2.2,4.9,2.5,5.2,9.0,5.1,363,12.1,5.0,2.0,0.5,1.9,0.0,0.7,4.2,363,38.5,34.6,18.7,7.4,5.9,363
229,MD,7,15.1,10.0,1.9,24.3,21.5,17.9,2.1,7.1,14.3,5.7,7.7,3.1,6.4,12.6,5.2,462,14.0,5.1,5.8,0.1,5.0,2.5,1.0,3.7,462,43.7,35.3,23.0,3.7,5.8,462
230,ME,7,15.0,7.3,2.5,23.1,20.4,14.3,1.0,7.0,11.0,2.5,6.6,1.0,4.3,11.5,5.6,315,16.6,1.7,7.7,1.2,1.4,0.4,0.4,4.7,315,33.0,29.9,18.7,12.8,6.1,315
231,MI,7,12.8,5.1,1.5,20.0,17.4,9.8,1.1,5.6,9.9,3.8,6.7,2.3,4.5,9.3,5.5,366,13.9,3.5,7.4,1.5,3.4,2.5,2.1,4.5,366,37.0,36.2,16.0,6.1,6.3,366
232,MN,7,18.2,7.1,2.4,25.6,21.6,11.8,3.1,4.3,7.9,2.7,5.8,3.1,5.4,13.9,5.6,382,15.6,2.9,7.6,0.6,2.8,0.8,0.7,4.6,382,30.7,31.3,14.8,9.4,6.0,382
233,MO,7,12.0,4.3,1.4,19.3,15.5,9.2,3.3,2.5,8.1,2.1,5.1,1.2,3.7,9.8,4.9,358,13.5,2.8,3.6,0.7,0.9,0.6,0.1,4.1,358,27.7,39.3,18.1,4.6,6.2,358
234,MS,7,17.4,7.6,1.1,22.4,13.6,9.3,1.6,1.0,7.6,2.4,4.9,1.8,4.7,12.2,6.2,374,16.0,3.1,6.6,0.2,2.9,0.5,0.3,5.1,374,33.0,33.8,13.6,4.7,6.6,374
235,MT,7,12.3,4.2,0.4,16.4,12.2,10.2,3.3,2.8,8.6,3.8,8.9,2.3,7.2,10.1,5.3,292,12.2,3.5,4.5,0.2,1.6,1.4,0.9,4.4,292,26.1,31.8,17.5,4.8,6.5,292
236,NC,7,13.6,4.6,2.3,23.4,14.9,14.6,1.6,2.6,4.8,3.8,5.0,2.2,3.5,9.3,5.2,429,14.3,2.9,4.5,0.3,2.3,1.4,2.1,4.2,429,36.5,39.1,14.0,9.1,5.6,429
237,ND,7,11.0,7.4,1.8,20.3,10.9,8.1,2.3,2.9,6.4,1.7,3.9,0.6,0.4,11.6,7.5,209,14.9,2.1,6.8,0.0,3.5,0.9,0.0,6.6,209,24.9,23.0,14.9,11.0,7.2,209
238,NE,7,14.1,6.9,2.1,21.2,18.9,13.8,1.6,4.2,9.9,3.1,5.4,1.3,4.4,9.1,5.5,336,15.3,4.1,2.9,1.1,1.7,1.3,0.3,4.3,336,34.7,33.4,13.4,6.2,6.3,336
239,NH,7,13.4,6.5,2.7,21.5,19.5,16.1,2.9,2.7,12.0,5.6,6.2,5.8,9.6,9.6,5.6,315,10.3,4.4,6.2,1.2,3.5,1.7,0.6,3.8,315,34.6,30.8,17.8,9.3,6.2,315
240,NJ,7,10.6,8.6,1.6,17.6,15.3,17.3,1.7,5.9,5.5,1.6,2.8,0.5,3.3,7.2,4.8,391,13.3,6.0,7.2,0.7,3.9,0.7,0.5,4.7,391,43.6,29.4,17.2,4.9,6.6,391
241,NM,7,9.0,3.5,0.6,15.6,12.3,6.1,2.1,3.6,5.9,2.1,5.8,1.4,6.6,7.5,5.6,335,11.0,1.0,3.4,0.6,2.8,1.9,0.1,4.4,335,39.3,34.4,21.0,2.4,7.7,335
242,NV,7,11.2,3.1,1.5,16.4,12.0,11.3,2.5,1.9,7.7,4.2,2.9,2.5,7.3,9.5,4.7,433,12.2,2.8,6.2,0.5,4.6,2.0,0.5,3.8,433,33.5,43.9,19.9,7.9,6.6,433
243,NY,7,18.6,8.5,3.5,24.3,28.1,22.8,5.0,9.4,15.1,5.3,8.7,5.1,7.6,12.5,4.9,465,20.7,8.1,9.9,2.3,7.6,3.3,4.0,4.5,465,50.1,41.0,22.0,1.3,5.7,465
244,OH,7,10.1,4.2,1.0,18.1,16.3,14.3,1.6,5.1,5.9,3.1,3.5,1.6,3.2,8.7,4.0,479,13.7,4.1,4.0,0.9,2.7,0.9,0.8,3.7,479,33.5,37.7,19.3,7.7,5.3,479
245,OK,7,13.4,4.9,1.1,20.7,13.5,15.3,0.9,2.3,9.5,3.1,6.4,1.9,4.2,10.5,6.0,382,12.2,5.9,6.0,1.4,3.5,1.2,0.9,4.4,382,30.2,35.0,13.8,7.4,6.8,382
246,OR,7,20.1,7.5,2.6,16.3,14.8,13.3,2.3,5.6,17.0,4.3,7.0,3.0,6.8,16.7,5.1,397,18.6,3.2,9.5,3.3,2.7,0.9,0.4,5.0,397,30.8,31.8,14.6,7.5,5.9,397
247,PA,7,14.0,6.2,2.9,19.9,18.0,12.3,0.5,5.6,9.5,2.7,3.7,1.1,7.0,10.0,4.6,478,16.3,3.8,5.2,1.4,2.5,0.8,1.4,4.0,478,35.7,31.5,19.4,7.2,5.6,478
248,RI,7,14.3,8.7,2.4,19.8,17.9,17.9,2.7,4.0,8.1,2.1,4.4,2.8,6.0,6.4,5.3,321,9.9,4.1,2.8,1.9,4.1,1.4,0.0,3.7,321,41.2,31.4,24.2,2.6,6.7,321
249,SC,7,14.7,6.6,1.6,21.1,15.0,17.0,2.3,3.1,6.2,2.5,4.4,1.2,4.3,5.7,5.5,421,12.5,4.9,3.9,2.4,4.8,2.2,2.1,4.4,421,32.4,42.9,15.2,8.0,6.1,421
250,SD,7,14.8,7.1,1.9,17.6,10.2,11.0,2.9,1.1,8.8,1.3,5.7,0.7,5.6,19.1,6.6,256,19.3,5.1,8.1,1.9,3.3,2.2,0.4,6.5,256,29.6,33.0,17.5,11.2,7.6,256
251,TN,7,14.4,5.9,1.8,24.1,15.6,13.9,2.3,4.5,9.4,3.0,6.2,1.0,5.8,11.3,5.1,468,15.1,2.4,5.9,1.6,1.9,0.9,1.4,4.1,468,34.5,39.3,12.4,4.7,5.8,468
252,TX,7,17.4,6.8,3.6,23.1,23.1,19.5,3.6,4.3,8.9,3.0,4.9,1.2,6.0,10.6,5.1,484,20.3,5.8,7.2,1.9,3.5,1.0,1.2,4.5,484,40.5,36.1,17.9,3.7,5.8,484
253,UT,7,14.2,5.2,0.5,15.4,8.1,4.3,0.5,2.6,8.6,2.4,3.6,0.6,4.6,9.4,4.9,441,12.9,1.5,3.7,1.0,2.5,1.5,0.4,4.1,441,34.8,39.2,16.5,5.2,6.0,441
254,VA,7,11.2,4.6,1.3,15.8,18.7,16.4,0.6,3.2,6.1,2.7,4.3,1.1,6.3,8.0,5.3,402,7.9,3.3,5.9,1.6,4.1,2.5,1.5,3.1,402,40.7,39.5,22.4,6.9,6.1,402
255,VT,7,13.6,6.3,1.1,14.0,14.2,7.9,1.2,3.7,10.4,4.2,5.0,0.8,4.3,10.8,6.2,202,13.5,1.2,2.9,1.4,3.0,0.3,0.3,4.9,202,32.2,24.0,17.9,12.9,7.3,202
256,WA,7,22.0,10.0,2.7,24.5,20.1,19.8,1.9,5.7,14.7,5.7,9.1,3.6,7.3,17.9,5.1,445,19.2,5.6,10.4,1.5,6.2,0.7,1.6,4.4,445,37.9,36.8,21.4,5.0,5.7,445
257,WI,7,17.6,7.5,2.1,30.4,22.6,16.2,1.9,5.9,12.8,3.3,5.8,3.1,7.4,15.1,5.1,445,21.8,2.4,5.8,0.3,0.8,0.6,0.8,4.6,445,30.0,30.3,17.3,5.1,5.1,445
258,WV,7,16.2,4.1,1.6,18.3,14.3,12.8,1.4,6.0,7.4,3.5,5.8,1.4,5.4,8.6,5.8,363,16.7,2.6,5.2,0.0,1.7,0.4,1.0,5.0,363,33.7,37.4,14.8,5.1,6.7,363
259,WY,7,9.2,9.4,2.8,9.6,9.9,17.3,0.4,4.3,15.2,5.0,9.9,3.3,11.6,16.6,8.5,157,16.8,4.9,8.3,0.0,3.5,1.1,1.9,8.1,157,17.0,37.2,13.9,7.2,9.8,157
260,National,9,12.9,6.7,1.7,21.3,17.4,14.1,2.1,4.4,8.2,3.0,4.8,1.5,5.3,9.6,0.0,387,52.0,14.2,23.5,5.2,13.9,5.5,4.2,0.0,916,38.7,39.0,19.6,20.4,0.0,4039
261,AK,9,18.2,7.8,0.6,17.7,19.7,16.9,3.2,3.1,14.8,4.5,8.8,0.2,16.9,25.0,12.7,123,54.0,10.8,18.1,2.6,14.0,8.0,6.1,13.4,123,38.8,28.9,18.8,9.6,13.1,123
262,AL,9,12.6,6.2,1.7,19.0,14.2,15.0,1.7,2.3,8.6,3.0,4.9,1.3,5.2,11.2,4.4,519,59.1,11.8,21.7,2.6,11.2,4.1,2.4,5.5,519,27.7,45.7,12.9,20.5,5.4,519
263,AR,9,18.2,9.5,2.0,25.6,20.6,16.8,2.7,2.7,9.8,3.9,4.5,1.4,8.4,12.3,6.1,388,58.6,7.8,28.6,3.3,8.2,3.5,2.6,6.4,388,32.5,38.9,18.3,27.2,6.2,388
264,AZ,9,13.9,8.0,1.7,26.2,18.2,16.9,0.9,5.5,11.2,4.0,5.7,2.5,5.9,9.8,5.1,464,43.4,14.5,19.9,5.5,12.0,4.7,3.0,5.8,464,37.8,41.8,22.1,18.5,5.8,464
265,CA,9,12.5,6.4,2.1,20.7,17.0,15.9,2.3,4.5,10.2,3.8,4.4,1.3,7.3,9.0,3.6,808,46.4,19.0,28.7,5.9,20.2,8.0,4.6,4.4,808,43.3,36.9,24.2,18.1,4.3,808
266,CO,9,11.5,7.7,0.4,21.0,17.4,12.4,2.6,2.4,8.7,3.1,5.6,1.5,4.7,8.5,4.5,476,49.7,13.4,19.5,5.0,10.9,3.8,4.7,5.5,476,36.9,36.1,21.5,16.1,5.3,476
267,CT,9,14.0,10.7,1.8,29.8,23.7,19.3,3.3,7.3,10.9,6.1,7.5,4.1,7.0,8.4,5.5,414,45.9,11.5,18.6,4.0,14.2,6.8,2.1,5.7,414,42.8,34.7,19.8,20.3,5.7,414
268,DC,9,5.9,8.1,2.5,11.5,13.9,14.1,1.4,9.4,5.3,3.2,6.9,3.6,3.1,7.2,6.8,236,48.6,34.4,37.2,6.4,40.0,12.5,12.4,9.0,236,59.8,49.5,20.9,13.9,9.1,236
269,DE,9,21.2,8.7,4.0,30.2,30.2,27.5,2.5,5.3,7.0,4.3,9.1,3.4,11.8,13.8,8.3,279,52.7,12.6,18.7,2.9,13.2,6.1,5.0,7.9,279,42.8,43.0,16.8,17.6,8.0,279
270,FL,9,12.1,5.6,3.3,26.8,18.8,19.9,1.5,6.0,6.8,3.3,4.6,2.2,5.4,10.3,4.3,580,49.9,14.7,25.1,4.3,15.7,5.6,4.9,4.8,580,46.3,43.9,19.3,22.8,4.8,580
271,GA,9,17.3,7.0,2.4,20.5,16.0,13.8,1.3,3.5,6.8,4.3,3.7,1.5,5.9,9.8,4.0,602,53.3,18.1,28.8,5.4,17.5,7.0,5.0,4.9,602,39.3,42.4,16.6,18.9,4.8,602
272,HI,9,21.1,5.0,2.7,20.6,12.6,12.2,1.5,8.4,11.3,3.6,5.2,2.8,10.6,9.2,7.3,257,46.0,9.9,29.3,5.9,18.2,2.4,3.4,8.4,257,44.4,38.5,18.8,20.6,8.4,257
273,IA,9,11.9,4.2,2.5,25.8,18.7,12.5,0.6,4.4,8.9,1.6,3.3,0.6,4.0,12.1,7.3,252,55.1,10.2,15.9,3.1,10.3,8.3,2.6,7.5,252,30.4,29.7,16.9,14.5,6.9,252
274,ID,9,15.6,7.9,3.0,24.4,19.2,12.4,2.7,1.3,7.6,2.3,5.8,3.2,5.9,13.5,7.1,267,49.1,10.6,20.2,4.8,11.0,5.2,3.1,7.9,267,33.5,33.9,21.7,25.3,7.6,267
275,IL,9,12.2,7.0,1.9,23.5,22.3,17.4,2.6,6.5,9.5,2.5,4.6,0.7,5.8,9.7,4.0,508,50.7,14.2,21.9,4.3,14.3,6.0,6.2,4.8,508,37.8,36.8,21.2,14.8,4.6,508
276,IN,9,11.4,5.2,1.5,19.2,16.7,14.2,1.4,4.4,6.4,1.2,3.9,0.5,4.1,5.9,4.1,464,57.6,12.8,18.5,6.0,8.4,4.6,4.3,5.3,464,33.0,39.7,17.1,25.6,5.3,464
277,KS,9,12.1,9.0,3.0,21.2,13.8,12.6,2.2,2.8,8.7,3.2,5.1,0.9,5.4,9.8,5.0,436,55.7,13.3,21.0,6.0,11.4,6.3,3.7,5.9,436,33.6,39.4,19.2,22.2,5.7,436
278,KY,9,12.3,4.5,1.1,17.8,8.9,9.0,2.3,1.1,5.1,2.3,4.9,1.5,3.3,10.8,4.4,512,59.9,9.3,22.6,6.3,8.8,5.4,2.0,5.3,512,27.3,38.0,14.4,21.9,5.2,512
279,LA,9,10.8,5.9,1.1,21.0,13.8,8.3,0.5,2.2,4.4,2.5,5.0,1.6,5.5,10.7,5.5,442,56.0,11.0,22.5,4.1,12.1,3.9,0.9,6.4,442,38.5,42.4,15.4,23.1,6.5,442
280,MA,9,13.8,8.1,0.6,22.1,18.5,15.0,2.2,3.1,9.2,2.2,5.4,1.2,4.4,10.7,4.0,603,53.2,18.4,19.4,4.4,15.0,3.8,5.1,4.8,603,42.8,35.4,23.4,18.9,4.8,603
281,MD,9,10.2,6.9,1.5,16.2,17.6,17.5,2.9,5.6,9.3,3.1,5.8,2.5,5.6,8.6,4.0,538,47.2,14.8,23.1,4.4,15.6,3.5,6.0,5.0,538,45.3,36.6,27.4,13.3,4.9,538
282,ME,9,17.4,10.9,0.9,27.2,25.0,18.6,1.8,6.4,14.3,1.3,7.5,0.6,4.2,10.6,6.5,287,54.0,11.4,14.9,5.4,8.8,3.4,4.4,7.0,287,33.3,34.1,20.0,25.3,6.8,287
283,MI,9,12.9,7.4,1.7,24.4,16.4,13.3,1.7,3.5,8.2,2.5,5.5,1.2,5.6,8.9,4.4,581,52.5,14.7,24.1,3.0,12.4,2.9,3.1,5.1,581,35.2,38.9,18.8,22.4,5.0,581
284,MN,9,11.3,7.0,1.8,20.1,17.0,11.6,2.7,3.5,8.5,3.0,7.2,1.7,4.7,9.1,4.7,528,49.8,13.8,19.2,6.2,12.1,4.9,4.9,5.3,528,35.8,40.7,17.4,19.8,5.3,528
285,MO,9,12.4,8.2,1.0,26.6,17.9,15.5,1.7,3.3,9.3,3.4,4.9,2.3,4.9,12.3,4.7,509,55.6,14.8,20.1,3.0,9.3,3.9,3.5,5.3,509,33.4,43.1,17.0,23.7,5.3,509
286,MS,9,10.1,6.2,0.7,20.5,11.9,6.4,0.3,1.6,4.5,2.1,1.3,0.3,4.0,9.7,6.7,401,59.7,10.9,22.6,2.9,9.9,5.5,2.1,7.4,401,37.1,42.1,17.1,19.5,7.2,401
287,MT,9,18.8,7.0,2.4,19.1,13.8,13.8,4.9,4.1,15.4,5.9,12.3,3.4,4.3,9.9,7.0,210,49.0,9.7,14.4,4.4,8.7,3.1,2.9,8.4,210,32.8,34.4,17.9,17.1,8.2,210
288,NC,9,14.3,5.3,2.4,27.8,21.9,15.2,2.4,4.3,7.1,2.3,5.6,2.8,6.8,10.2,4.3,521,52.2,13.6,22.9,6.5,14.3,4.7,4.3,4.8,521,36.6,41.3,18.8,23.2,4.7,521
289,ND,9,14.8,9.3,0.9,23.0,23.6,10.1,2.2,4.9,8.4,3.2,5.8,1.8,2.3,7.6,8.7,185,52.7,9.5,22.8,2.7,13.3,11.8,2.7,9.1,185,42.7,31.4,23.3,24.0,9.0,185
290,NE,9,15.6,8.8,2.3,21.8,14.0,13.0,1.1,6.2,10.9,3.9,6.5,1.6,4.3,14.9,6.3,306,53.8,13.7,14.9,1.2,7.4,3.9,3.5,7.3,306,34.5,30.3,10.2,18.8,6.7,306
291,NH,9,12.1,7.8,0.5,29.6,27.6,24.1,2.4,6.2,15.6,6.9,4.7,0.6,6.5,10.7,7.8,202,47.8,7.8,13.7,3.0,11.3,3.9,1.2,8.3,202,38.0,30.9,17.9,24.9,8.2,202
292,NJ,9,13.2,8.6,0.7,17.1,21.6,16.7,3.4,5.7,6.0,3.0,2.7,0.9,5.4,8.5,4.1,515,50.7,14.3,23.1,4.3,18.8,5.7,4.6,4.9,515,46.3,39.9,22.0,18.3,4.9,515
293,NM,9,7.5,6.1,1.8,14.9,13.1,7.7,4.0,4.2,7.2,1.1,4.1,0.7,2.1,6.9,5.1,313,48.2,13.4,25.9,3.6,12.0,5.5,1.3,7.9,313,37.7,28.3,25.2,18.4,7.8,313
294,NV,9,13.7,6.2,2.4,19.8,18.7,15.5,1.5,5.9,11.6,4.3,6.3,3.5,8.8,11.5,5.2,437,52.4,10.0,25.6,7.7,15.9,3.1,1.6,6.2,437,41.1,46.0,22.1,25.6,6.3,437
295,NY,9,13.1,5.8,2.1,21.9,17.4,14.0,2.1,7.2,8.7,3.1,3.6,1.4,4.8,6.1,4.3,618,44.4,19.5,27.2,5.6,19.6,5.9,6.3,4.8,618,47.7,40.8,17.7,20.1,4.8,618
296,OH,9,8.4,5.5,0.8,18.0,15.4,12.6,2.0,2.6,6.0,2.4,2.5,1.2,5.0,8.7,3.5,518,57.8,15.2,21.4,4.2,10.0,3.0,4.1,4.7,518,36.2,37.2,20.7,25.2,4.7,518
297,OK,9,9.7,5.0,0.7,15.6,11.2,8.1,1.7,1.9,9.2,1.7,5.0,2.3,3.2,11.5,4.3,486,58.7,13.8,21.0,5.9,12.1,6.6,2.8,5.9,486,30.1,40.8,18.0,20.2,5.9,486
298,OR,9,12.1,8.6,2.8,20.0,14.5,12.8,1.1,6.3,10.9,2.2,4.3,1.3,2.5,8.9,4.8,472,45.6,14.2,25.7,8.3,11.6,4.9,5.1,5.5,472,37.1,33.4,17.1,19.7,5.5,472
299,PA,9,9.7,7.4,1.5,15.6,12.7,12.0,1.5,3.3,6.6,0.9,3.8,0.7,4.4,10.6,3.7,512,52.3,15.4,20.2,5.1,11.1,4.8,5.3,5.1,512,35.7,36.4,19.5,22.1,4.9,512
300,RI,9,13.4,4.1,3.6,27.9,20.9,16.9,2.9,6.1,7.3,3.0,4.7,0.3,7.4,7.8,8.0,255,37.3,11.7,19.1,7.3,10.9,5.0,3.7,7.8,255,37.4,37.5,18.7,17.0,8.3,255
301,SC,9,13.7,8.8,0.6,27.0,23.0,15.6,1.8,5.3,9.5,1.6,4.5,1.1,6.8,10.9,5.4,452,58.0,9.1,22.0,2.5,12.0,6.4,2.5,5.8,452,35.0,42.6,15.1,26.0,5.9,452
302,SD,9,12.7,4.9,0.8,15.7,13.9,14.1,0.7,2.4,11.1,2.5,4.7,0.0,1.7,14.9,7.8,184,57.5,4.2,12.6,4.4,9.3,4.6,0.5,10.0,184,33.7,38.8,19.5,18.4,10.1,184
303,TN,9,10.3,5.3,1.1,17.6,12.9,11.3,1.2,3.8,5.5,2.4,3.9,1.5,3.7,7.6,3.7,499,52.1,13.7,20.3,5.7,11.4,4.0,4.9,5.0,499,35.7,41.4,14.8,24.0,5.0,499
304,TX,9,10.4,6.3,1.7,20.3,16.1,13.1,1.1,2.7,5.8,2.1,3.6,1.4,4.5,7.2,3.7,639,52.7,15.1,26.8,4.8,17.1,6.5,4.7,4.6,639,41.8,42.3,19.1,20.9,4.5,639
305,UT,9,15.9,7.5,1.2,14.4,10.8,4.7,2.1,2.9,10.3,4.7,5.7,2.0,5.9,10.3,6.4,271,46.5,15.7,21.2,6.9,10.0,5.2,2.6,7.5,271,28.8,37.5,11.0,17.6,7.4,271
306,VA,9,12.4,5.3,1.0,18.1,19.2,15.1,3.1,4.9,7.6,4.6,4.6,1.7,4.6,11.0,3.9,543,52.5,16.2,25.6,6.5,18.4,5.0,4.0,4.9,543,43.7,42.2,24.1,18.1,4.8,543
307,VT,9,12.0,12.9,0.3,18.9,15.3,9.3,3.9,7.8,10.6,4.6,6.1,1.3,4.6,10.2,8.4,131,51.4,6.6,21.8,5.9,13.2,4.5,4.4,10.9,131,36.1,23.9,18.4,16.7,10.2,131
308,WA,9,11.5,5.5,2.5,14.9,12.8,9.6,2.1,3.4,8.9,2.5,5.4,1.5,4.8,9.8,3.7,489,51.4,17.4,22.1,5.1,14.7,5.3,5.9,5.2,489,39.5,31.9,21.8,13.6,5.1,489
309,WI,9,11.3,5.0,0.4,24.7,17.7,9.1,2.0,4.7,8.0,1.4,4.4,1.5,3.2,10.4,4.5,450,52.1,11.4,21.8,5.1,10.7,8.1,3.6,5.4,450,31.6,33.7,17.1,18.7,5.0,450
310,WV,9,12.9,7.6,1.3,19.3,13.0,13.9,1.7,3.6,8.4,2.6,5.4,2.0,7.9,15.8,5.9,372,61.7,13.9,20.3,3.4,8.1,5.4,2.1,7.2,372,33.0,44.8,18.3,32.7,7.2,372
311,WY,9,10.4,9.3,3.4,18.0,8.5,13.5,4.5,7.3,11.5,3.7,1.5,0.2,3.2,10.4,9.3,142,39.8,6.1,26.7,1.5,6.8,3.9,7.1,10.7,142,21.6,26.9,13.0,27.6,10.1,142
